Rk,Pk,Tm,Player,College,Yrs,G,MP,PTS,TRB,AST,FG%,3P%,FT%,MP.1,PTS.1,TRB.1,AST.1,Year
1.0,1.0,MIL,Glenn Robinson,Purdue,11,688,25346,14234,4189,1879,.459,.340,.820,36.8,20.7,6.1,2.7,1994
2.0,2.0,DAL,Jason Kidd,California,19,1391,50111,17529,8725,12091,.400,.349,.785,36.0,12.6,6.3,8.7,1994
3.0,3.0,DET,Grant Hill,Duke,18,1026,34776,17137,6169,4252,.483,.314,.769,33.9,16.7,6.0,4.1,1994
4.0,4.0,MIN,Donyell Marshall,UConn,15,957,25027,10716,6376,1305,.435,.350,.731,26.2,11.2,6.7,1.4,1994
5.0,5.0,WSB,Juwan Howard,Michigan,19,1208,36654,16159,7428,2663,.469,.120,.764,30.3,13.4,6.1,2.2,1994
6.0,6.0,PHI,Sharone Wright,Clemson,4,203,4531,1974,1023,118,.456,.083,.618,22.3,9.7,5.0,0.6,1994
7.0,7.0,LAC,Lamond Murray,California,11,736,18477,8286,3033,978,.430,.360,.759,25.1,11.3,4.1,1.3,1994
8.0,8.0,SAC,Brian Grant,Xavier,12,756,21417,7933,5622,923,.490,.214,.746,28.3,10.5,7.4,1.2,1994
9.0,9.0,BOS,Eric Montross,UNC,8,465,8479,2071,2159,207,.490,.000,.478,18.2,4.5,4.6,0.4,1994
10.0,10.0,LAL,Eddie Jones,Temple,14,954,32778,14155,3857,2812,.437,.373,.809,34.4,14.8,4.0,2.9,1994
11.0,11.0,SEA,Carlos Rogers,Tennessee State,8,298,5654,2196,1272,182,.536,.258,.562,19.0,7.4,4.3,0.6,1994
12.0,12.0,MIA,Khalid Reeves,Arizona,6,277,5837,2167,580,886,.416,.363,.744,21.1,7.8,2.1,3.2,1994
13.0,13.0,DEN,Jalen Rose,Michigan,13,923,27925,13220,3193,3527,.443,.355,.801,30.3,14.3,3.5,3.8,1994
14.0,14.0,NJN,Yinka Dare,George Washington,4,110,1002,233,281,4,.396,,.570,9.1,2.1,2.6,0.0,1994
15.0,15.0,IND,Eric Piatkowski,Nebraska,14,789,14613,5919,1716,778,.434,.399,.839,18.5,7.5,2.2,1.0,1994
16.0,16.0,GSW,Clifford Rozier,Louisville,4,173,2984,827,897,98,.496,.182,.465,17.2,4.8,5.2,0.6,1994
17.0,17.0,POR,Aaron McKie,Temple,13,793,19156,5871,2587,2126,.438,.350,.779,24.2,7.4,3.3,2.7,1994
18.0,18.0,MIL,Eric Mobley,Pitt,3,113,1570,440,351,57,.541,.750,.475,13.9,3.9,3.1,0.5,1994
19.0,19.0,DAL,Tony Dumas,Missouri-Kansas City,4,156,2222,1140,198,186,.404,.327,.608,14.2,7.3,1.3,1.2,1994
20.0,20.0,PHI,B.J. Tyler,Texas,1,55,809,195,62,174,.381,.314,.700,14.7,3.5,1.1,3.2,1994
21.0,21.0,CHI,Dickey Simpkins,Providence,7,327,5201,1388,1187,305,.440,.222,.618,15.9,4.2,3.6,0.9,1994
22.0,22.0,SAS,Bill Curley,Boston College,5,147,1614,394,290,60,.444,.222,.743,11.0,2.7,2.0,0.4,1994
23.0,23.0,PHO,Wesley Person,Auburn,11,733,20727,8192,2402,1234,.457,.418,.778,28.3,11.2,3.3,1.7,1994
24.0,24.0,NYK,Monty Williams,Notre Dame,9,456,7624,2884,1296,544,.481,.111,.665,16.7,6.3,2.8,1.2,1994
25.0,25.0,LAC,Greg Minor,Louisville,5,277,5144,1902,741,384,.478,.226,.767,18.6,6.9,2.7,1.4,1994
26.0,26.0,NYK,Charlie Ward,Florida State,11,630,14080,3947,1648,2539,.408,.364,.771,22.3,6.3,2.6,4.0,1994
27.0,27.0,ORL,Brooks Thompson,Oklahoma State,4,168,1714,760,158,281,.409,.376,.647,10.2,4.5,0.9,1.7,1994
28.0,28.0,DAL,Deon Thomas,Illinois,,,,,,,,,,,,,,1994
29.0,29.0,PHO,Antonio Lang,Duke,6,143,1395,329,210,50,.455,.000,.719,9.8,2.3,1.5,0.3,1994
30.0,30.0,MIN,Howard Eisley,Boston College,12,786,16013,5116,1324,2748,.407,.350,.827,20.4,6.5,1.7,3.5,1994
1.0,1.0,GSW,Joe Smith,Maryland,16,1030,27022,11208,6575,1010,.455,.238,.790,26.2,10.9,6.4,1.0,1995
2.0,2.0,LAC,Antonio McDyess,Alabama,15,1015,28053,12227,7638,1300,.497,.117,.670,27.6,12.0,7.5,1.3,1995
3.0,3.0,PHI,Jerry Stackhouse,UNC,18,970,30222,16409,3067,3240,.409,.309,.822,31.2,16.9,3.2,3.3,1995
4.0,4.0,WSB,Rasheed Wallace,UNC,16,1109,36243,16006,7404,1994,.467,.336,.721,32.7,14.4,6.7,1.8,1995
5.0,5.0,MIN,Kevin Garnett,,21,1462,50418,26071,14662,5445,.497,.275,.789,34.5,17.8,10.0,3.7,1995
6.0,6.0,VAN,Bryant Reeves,Oklahoma State,6,395,12071,4945,2745,623,.475,.074,.703,30.6,12.5,6.9,1.6,1995
7.0,7.0,TOR,Damon Stoudamire,Arizona,13,878,29106,11763,3039,5371,.406,.357,.833,33.2,13.4,3.5,6.1,1995
8.0,8.0,POR,Shawn Respert,Michigan State,4,172,2350,851,226,177,.414,.340,.816,13.7,4.9,1.3,1.0,1995
9.0,9.0,NJN,Ed O'Bannon,UCLA,2,128,2062,634,316,102,.367,.222,.755,16.1,5.0,2.5,0.8,1995
10.0,10.0,MIA,Kurt Thomas,TCU,18,1110,27160,8973,7328,1204,.486,.281,.760,24.5,8.1,6.6,1.1,1995
11.0,11.0,MIL,Gary Trent,Ohio University,9,506,9866,4366,2276,504,.501,.080,.643,19.5,8.6,4.5,1.0,1995
12.0,12.0,DAL,Cherokee Parks,Duke,9,472,7459,2056,1703,265,.470,.211,.630,15.8,4.4,3.6,0.6,1995
13.0,13.0,SAC,Corliss Williamson,Arkansas,12,822,18749,9147,3183,972,.490,.136,.714,22.8,11.1,3.9,1.2,1995
14.0,14.0,BOS,Eric Williams,Providence,12,658,15731,5642,2139,936,.415,.318,.736,23.9,8.6,3.3,1.4,1995
15.0,15.0,DEN,Brent Barry,Oregon State,14,912,23643,8488,2780,2892,.460,.405,.823,25.9,9.3,3.0,3.2,1995
16.0,16.0,ATL,Alan Henderson,Indiana,12,652,13780,5094,3249,397,.469,.192,.639,21.1,7.8,5.0,0.6,1995
17.0,17.0,CLE,Bob Sura,Florida State,10,657,15597,5654,2240,2474,.414,.325,.689,23.7,8.6,3.4,3.8,1995
18.0,18.0,DET,Theo Ratliff,Wyoming,16,810,20500,5809,4596,465,.496,.000,.710,25.3,7.2,5.7,0.6,1995
19.0,19.0,DET,Randolph Childress,Wake Forest,2,51,405,124,25,49,.328,.273,.800,7.9,2.4,0.5,1.0,1995
20.0,20.0,CHI,Jason Caffey,Alabama,8,462,9045,3368,2022,420,.481,.000,.637,19.6,7.3,4.4,0.9,1995
21.0,21.0,PHO,Michael Finley,Wisconsin,15,1103,37996,17306,4804,3245,.444,.375,.811,34.4,15.7,4.4,2.9,1995
22.0,22.0,CHH,George Zídek,UCLA,3,135,1328,453,286,32,.408,.250,.783,9.8,3.4,2.1,0.2,1995
23.0,23.0,IND,Travis Best,Georgia Tech,10,708,15150,5376,1249,2444,.431,.345,.835,21.4,7.6,1.8,3.5,1995
24.0,24.0,DAL,Loren Meyer,Iowa State,3,140,2044,645,480,77,.432,.348,.696,14.6,4.6,3.4,0.6,1995
25.0,25.0,ORL,David Vaughn,Memphis,4,118,1156,341,361,36,.423,.000,.638,9.8,2.9,3.1,0.3,1995
26.0,26.0,SEA,Sherell Ford,University of Illinois at Chicago,1,28,139,90,24,5,.375,.160,.765,5.0,3.2,0.9,0.2,1995
27.0,27.0,PHO,Mario Bennett,Arizona State,4,68,606,269,182,24,.534,.333,.511,8.9,4.0,2.7,0.4,1995
28.0,28.0,UTA,Greg Ostertag,Kansas,11,756,14753,3512,4145,443,.486,.100,.569,19.5,4.6,5.5,0.6,1995
29.0,29.0,SAS,Cory Alexander,Virginia,7,307,4847,1677,481,834,.389,.354,.756,15.8,5.5,1.6,2.7,1995
30.0,30.0,DET,Lou Roe,UMass,2,66,479,130,92,21,.333,.250,.647,7.3,2.0,1.4,0.3,1995
1.0,1.0,PHI,Allen Iverson,Georgetown,14,914,37584,24368,3394,5624,.425,.313,.780,41.1,26.7,3.7,6.2,1996
2.0,2.0,TOR,Marcus Camby,UMass,17,973,28684,9262,9513,1837,.466,.205,.670,29.5,9.5,9.8,1.9,1996
3.0,3.0,VAN,Shareef Abdur-Rahim,California,12,830,28882,15028,6239,2109,.472,.297,.810,34.8,18.1,7.5,2.5,1996
4.0,4.0,MIL,Stephon Marbury,Georgia Tech,13,846,31891,16297,2516,6471,.433,.325,.784,37.7,19.3,3.0,7.6,1996
5.0,5.0,MIN,Ray Allen,UConn,18,1300,46344,24505,5272,4361,.452,.400,.894,35.6,18.9,4.1,3.4,1996
6.0,6.0,BOS,Antoine Walker,Kentucky,12,893,31531,15647,6891,3170,.414,.325,.633,35.3,17.5,7.7,3.5,1996
7.0,7.0,LAC,Lorenzen Wright,Memphis,13,778,18535,6191,4943,622,.459,.069,.645,23.8,8.0,6.4,0.8,1996
8.0,8.0,NJN,Kerry Kittles,Villanova,8,507,16929,7165,1983,1295,.439,.378,.780,33.4,14.1,3.9,2.6,1996
9.0,9.0,DAL,Samaki Walker,Louisville,10,445,7612,2376,2089,252,.462,.111,.630,17.1,5.3,4.7,0.6,1996
10.0,10.0,IND,Erick Dampier,Mississippi State,16,987,24003,7309,7005,817,.498,.125,.626,24.3,7.4,7.1,0.8,1996
11.0,11.0,GSW,Todd Fuller,NC State,5,225,2500,835,674,46,.422,.000,.668,11.1,3.7,3.0,0.2,1996
12.0,12.0,CLE,Vitaly Potapenko,Wright State University,11,610,11608,3995,2725,418,.479,.167,.694,19.0,6.5,4.5,0.7,1996
13.0,13.0,CHH,Kobe Bryant,,20,1346,48637,33643,7047,6306,.447,.329,.837,36.1,25.0,5.2,4.7,1996
14.0,14.0,SAC,Peja Stojaković,,13,804,26966,13647,3782,1408,.450,.401,.895,33.5,17.0,4.7,1.8,1996
15.0,15.0,PHO,Steve Nash,Santa Clara,18,1217,38069,17387,3642,10335,.490,.428,.904,31.3,14.3,3.0,8.5,1996
16.0,16.0,CHH,Tony Delk,Kentucky,10,545,11702,4957,1351,1024,.408,.343,.769,21.5,9.1,2.5,1.9,1996
17.0,17.0,POR,Jermaine O'Neal,,18,1011,27364,13309,7261,1369,.467,.147,.715,27.1,13.2,7.2,1.4,1996
18.0,18.0,NYK,John Wallace,Syracuse,7,381,6143,2901,1061,281,.462,.300,.740,16.1,7.6,2.8,0.7,1996
19.0,19.0,NYK,Walter McCarty,Kentucky,10,593,10374,3056,1554,670,.392,.346,.698,17.5,5.2,2.6,1.1,1996
20.0,20.0,CLE,Zydrunas Ilgauskas,,13,843,22965,10976,6191,955,.476,.310,.780,27.2,13.0,7.3,1.1,1996
21.0,21.0,NYK,Dontae' Jones,Mississippi State,1,15,91,44,9,5,.333,.261,,6.1,2.9,0.6,0.3,1996
22.0,22.0,VAN,Roy Rogers,Alabama,3,137,2309,652,483,57,.483,.500,.532,16.9,4.8,3.5,0.4,1996
23.0,23.0,DEN,Efthimios Rentzias,,1,35,144,52,26,7,.339,.500,.889,4.1,1.5,0.7,0.2,1996
24.0,24.0,LAL,Derek Fisher,Little Rock,18,1287,32719,10713,2658,3804,.399,.374,.817,25.4,8.3,2.1,3.0,1996
25.0,25.0,UTA,Martin Müürsepp,,2,83,951,389,181,50,.425,.323,.693,11.5,4.7,2.2,0.6,1996
26.0,26.0,DET,Jerome Williams,Georgetown,9,587,12755,3865,3743,474,.502,.038,.645,21.7,6.6,6.4,0.8,1996
27.0,27.0,ORL,Brian Evans,Indiana,3,102,1097,375,164,77,.381,.343,.820,10.8,3.7,1.6,0.8,1996
28.0,28.0,ATL,Priest Lauderdale,Central State University,2,74,525,255,143,33,.472,.000,.554,7.1,3.4,1.9,0.4,1996
29.0,29.0,CHI,Travis Knight,UConn,7,371,4566,1276,1160,224,.438,.259,.696,12.3,3.4,3.1,0.6,1996
30.0,30.0,HOU,Othella Harrington,Georgetown,12,709,13924,5212,3130,443,.505,.000,.738,19.6,7.4,4.4,0.6,1996
1.0,1.0,SAS,Tim Duncan,Wake Forest,19,1392,47368,26496,15091,4225,.506,.179,.696,34.0,19.0,10.8,3.0,1997
2.0,2.0,PHI,Keith Van Horn,Utah,9,575,18150,9206,3909,900,.443,.361,.835,31.6,16.0,6.8,1.6,1997
3.0,3.0,BOS,Chauncey Billups,Colorado,17,1043,33008,15802,2992,5636,.415,.387,.894,31.6,15.2,2.9,5.4,1997
4.0,4.0,VAN,Antonio Daniels,Bowling Green,13,872,19671,6623,1613,2934,.444,.311,.793,22.6,7.6,1.8,3.4,1997
5.0,5.0,DEN,Tony Battie,Texas Tech,14,837,17649,5082,4287,522,.488,.162,.690,21.1,6.1,5.1,0.6,1997
6.0,6.0,BOS,Ron Mercer,Kentucky,8,432,13418,5892,1342,921,.429,.250,.808,31.1,13.6,3.1,2.1,1997
7.0,7.0,NJN,Tim Thomas,Villanova,13,824,21336,9454,3379,1272,.437,.369,.758,25.9,11.5,4.1,1.5,1997
8.0,8.0,GSW,Adonal Foyle,Colgate,12,733,13060,2989,3461,344,.477,.000,.499,17.8,4.1,4.7,0.5,1997
9.0,9.0,TOR,Tracy McGrady,,15,938,30658,18381,5276,4161,.435,.338,.746,32.7,19.6,5.6,4.4,1997
10.0,10.0,MIL,Danny Fortson,Cincinnati,10,440,8832,3615,3184,301,.472,.167,.785,20.1,8.2,7.2,0.7,1997
11.0,11.0,SAC,Tariq Abdul-Wahad,San Jose State,6,236,4807,1830,776,266,.417,.237,.703,20.4,7.8,3.3,1.1,1997
12.0,12.0,IND,Austin Croshere,Providence,12,659,11480,4475,2649,627,.407,.340,.861,17.4,6.8,4.0,1.0,1997
13.0,13.0,CLE,Derek Anderson,Kentucky,11,615,17975,7357,1988,2083,.408,.341,.853,29.2,12.0,3.2,3.4,1997
14.0,14.0,LAC,Maurice Taylor,Michigan,9,534,13324,5889,2452,623,.466,.152,.711,25.0,11.0,4.6,1.2,1997
15.0,15.0,DAL,Kelvin Cato,Iowa State,10,541,10617,2960,2874,244,.507,.077,.644,19.6,5.5,5.3,0.5,1997
16.0,16.0,CLE,Brevin Knight,Stanford,12,729,18176,5342,1785,4481,.412,.134,.789,24.9,7.3,2.4,6.1,1997
17.0,17.0,ORL,Johnny Taylor,Chattanooga,3,54,866,256,120,26,.402,.394,.718,16.0,4.7,2.2,0.5,1997
18.0,18.0,POR,Chris Anstey,,3,155,2157,813,534,127,.413,.138,.755,13.9,5.2,3.4,0.8,1997
19.0,19.0,DET,Scot Pollard,Kansas,11,506,8372,2222,2351,220,.494,.000,.709,16.5,4.4,4.6,0.4,1997
20.0,20.0,MIN,Paul Grant,Wisconsin,2,16,111,29,18,3,.448,,.375,6.9,1.8,1.1,0.2,1997
21.0,21.0,NJN,Anthony Parker,Bradley,9,494,13752,4478,1574,1129,.444,.404,.794,27.8,9.1,3.2,2.3,1997
22.0,22.0,ATL,Ed Gray,California,2,60,809,373,73,46,.339,.341,.814,13.5,6.2,1.2,0.8,1997
23.0,23.0,SEA,Bobby Jackson,Minnesota,12,755,16790,7344,2347,1945,.417,.354,.793,22.2,9.7,3.1,2.6,1997
24.0,24.0,HOU,Rodrick Rhodes,USC,3,72,1234,380,88,121,.347,.200,.620,17.1,5.3,1.2,1.7,1997
25.0,25.0,NYK,John Thomas,Minnesota,5,208,2253,560,432,60,.502,.000,.591,10.8,2.7,2.1,0.3,1997
26.0,26.0,MIA,Charles Smith,New Mexico,5,142,1973,729,200,124,.409,.288,.606,13.9,5.1,1.4,0.9,1997
27.0,27.0,UTA,Jacque Vaughn,Kansas,12,776,12658,3463,1028,1919,.429,.352,.779,16.3,4.5,1.3,2.5,1997
28.0,28.0,CHI,Keith Booth,Maryland,2,45,449,130,97,39,.325,.091,.563,10.0,2.9,2.2,0.9,1997
30.0,30.0,HOU,Serge Zwikker,UNC,,,,,,,,,,,,,,1997
1.0,1.0,LAC,Michael Olowokandi,University of the Pacific,9,500,13129,4135,3414,327,.435,,.597,26.3,8.3,6.8,0.7,1998
2.0,2.0,VAN,Mike Bibby,Arizona,14,1001,33962,14698,3103,5517,.436,.379,.802,33.9,14.7,3.1,5.5,1998
3.0,3.0,DEN,Raef LaFrentz,Kansas,10,563,14545,5690,3423,606,.466,.363,.711,25.8,10.1,6.1,1.1,1998
4.0,4.0,TOR,Antawn Jamison,UNC,16,1083,37638,20042,8157,1761,.451,.346,.724,34.8,18.5,7.5,1.6,1998
5.0,5.0,GSW,Vince Carter,UNC,22,1541,46367,25728,6606,4714,.435,.371,.798,30.1,16.7,4.3,3.1,1998
6.0,6.0,DAL,Robert Traylor,Michigan,7,438,6243,2085,1640,312,.474,.167,.577,14.3,4.8,3.7,0.7,1998
7.0,7.0,SAC,Jason Williams,Florida,12,788,23188,8266,1810,4611,.398,.327,.813,29.4,10.5,2.3,5.9,1998
8.0,8.0,PHI,Larry Hughes,Saint Louis,13,727,22368,10242,3039,2290,.406,.309,.757,30.8,14.1,4.2,3.1,1998
9.0,9.0,MIL,Dirk Nowitzki,,21,1522,51368,31560,11489,3651,.471,.380,.879,33.8,20.7,7.5,2.4,1998
10.0,10.0,BOS,Paul Pierce,Kansas,19,1343,45880,26397,7527,4708,.445,.368,.806,34.2,19.7,5.6,3.5,1998
11.0,11.0,DET,Bonzi Wells,Ball State University,10,591,15133,7147,2737,1249,.460,.327,.697,25.6,12.1,4.6,2.1,1998
12.0,12.0,ORL,Michael Doleac,Utah,10,587,8789,2882,1955,343,.439,.125,.791,15.0,4.9,3.3,0.6,1998
13.0,13.0,ORL,Keon Clark,UNLV,6,353,7971,2882,2096,322,.500,.053,.645,22.6,8.2,5.9,0.9,1998
14.0,14.0,HOU,Michael Dickerson,Arizona,5,212,7490,3257,609,553,.432,.402,.784,35.3,15.4,2.9,2.6,1998
15.0,15.0,ORL,Matt Harpring,Georgia Tech,11,665,17584,7645,3366,907,.481,.333,.753,26.4,11.5,5.1,1.4,1998
16.0,16.0,HOU,Bryce Drew,Valparaiso,6,243,3970,1081,295,524,.382,.371,.830,16.3,4.4,1.2,2.2,1998
17.0,17.0,MIN,Rasho Nesterović,,12,811,17983,5519,4143,836,.502,.077,.585,22.2,6.8,5.1,1.0,1998
18.0,18.0,HOU,Mirsad Türkcan,,1,17,90,33,33,5,.368,.000,.625,5.3,1.9,1.9,0.3,1998
19.0,19.0,MIL,Pat Garrity,Notre Dame,10,552,11062,4017,1457,443,.417,.398,.806,20.0,7.3,2.6,0.8,1998
20.0,20.0,ATL,Roshown McLeod,Duke,3,113,2130,817,308,124,.409,.111,.819,18.8,7.2,2.7,1.1,1998
21.0,21.0,CHH,Ricky Davis,Iowa,12,736,21927,9912,2550,2426,.446,.361,.781,29.8,13.5,3.5,3.3,1998
22.0,22.0,LAC,Brian Skinner,Baylor,14,608,10910,2876,2841,288,.494,.333,.566,17.9,4.7,4.7,0.5,1998
23.0,23.0,DEN,Tyronn Lue,Nebraska,11,554,12564,4710,943,1727,.437,.391,.829,22.7,8.5,1.7,3.1,1998
24.0,24.0,SAS,Felipe López,St. John's,4,249,4145,1448,604,252,.432,.327,.659,16.6,5.8,2.4,1.0,1998
25.0,25.0,IND,Al Harrington,,16,981,28009,13237,5482,1649,.444,.352,.727,28.6,13.5,5.6,1.7,1998
26.0,26.0,LAL,Sam Jacobson,Minnesota,3,68,752,283,80,36,.511,.360,.739,11.1,4.2,1.2,0.5,1998
27.0,27.0,SEA,Vladimir Stepania,,6,270,3726,1118,1180,94,.425,.133,.536,13.8,4.1,4.4,0.3,1998
28.0,28.0,CHI,Corey Benjamin,Oregon State,4,153,2191,835,259,143,.390,.289,.652,14.3,5.5,1.7,0.9,1998
29.0,29.0,UTA,Nazr Mohammed,Kentucky,18,1005,15891,5827,4708,375,.486,.000,.640,15.8,5.8,4.7,0.4,1998
30.0,30.0,DAL,Ansu Sesay,Ole Miss,4,127,1301,401,223,62,.434,.276,.640,10.2,3.2,1.8,0.5,1998
1.0,1.0,CHI,Elton Brand,Duke,17,1058,34910,16827,9040,2184,.500,.095,.736,33.0,15.9,8.5,2.1,1999
2.0,2.0,VAN,Steve Francis,Maryland,9,576,21632,10446,3215,3473,.429,.341,.797,37.6,18.1,5.6,6.0,1999
3.0,3.0,CHH,Baron Davis,UCLA,13,835,28592,13447,3183,6025,.409,.320,.711,34.2,16.1,3.8,7.2,1999
4.0,4.0,LAC,Lamar Odom,Rhode Island,14,961,32131,12781,8059,3554,.463,.312,.693,33.4,13.3,8.4,3.7,1999
5.0,5.0,TOR,Jonathan Bender,,8,262,3847,1453,582,170,.417,.340,.763,14.7,5.5,2.2,0.6,1999
6.0,6.0,MIN,Wally Szczerbiak,Miami University,10,651,20052,9195,2602,1532,.485,.406,.860,30.8,14.1,4.0,2.4,1999
7.0,7.0,WAS,Richard Hamilton,UConn,14,921,29559,15708,2852,3125,.449,.346,.852,32.1,17.1,3.1,3.4,1999
8.0,8.0,CLE,Andre Miller,Utah,17,1304,40268,16278,4795,8524,.461,.217,.807,30.9,12.5,3.7,6.5,1999
9.0,9.0,PHO,Shawn Marion,UNLV,16,1163,40097,17700,10101,2198,.484,.331,.810,34.5,15.2,8.7,1.9,1999
10.0,10.0,ATL,Jason Terry,Arizona,19,1410,42034,18881,3274,5415,.444,.380,.845,29.8,13.4,2.3,3.8,1999
11.0,11.0,CLE,Trajan Langdon,Duke,3,119,1738,647,159,152,.416,.396,.910,14.6,5.4,1.3,1.3,1999
12.0,12.0,TOR,Aleksandar Radojević,Barton County Community College,2,15,152,26,36,7,.308,,.625,10.1,1.7,2.4,0.5,1999
13.0,13.0,SEA,Corey Maggette,Duke,14,827,23358,13198,4022,1696,.453,.324,.822,28.2,16.0,4.9,2.1,1999
14.0,14.0,MIN,William Avery,Duke,3,142,1205,379,93,199,.330,.255,.714,8.5,2.7,0.7,1.4,1999
15.0,15.0,NYK,Frédéric Weis,,,,,,,,,,,,,,,1999
16.0,16.0,CHI,Metta World Peace,St. John's,17,991,31440,13058,4448,2631,.414,.339,.715,31.7,13.2,4.5,2.7,1999
17.0,17.0,ATL,Cal Bowdler,Old Dominion,3,142,1383,424,272,29,.404,.182,.768,9.7,3.0,1.9,0.2,1999
18.0,18.0,DEN,James Posey,Xavier,12,864,23260,7419,4061,1413,.410,.349,.820,26.9,8.6,4.7,1.6,1999
19.0,19.0,UTA,Quincy Lewis,Minnesota,4,159,1853,567,210,96,.397,.333,.710,11.7,3.6,1.3,0.6,1999
20.0,20.0,ATL,Dion Glover,Georgia Tech,6,294,6132,2407,897,455,.411,.317,.756,20.9,8.2,3.1,1.5,1999
21.0,21.0,GSW,Jeff Foster,Texas State University,13,764,15750,3747,5248,703,.497,.130,.615,20.6,4.9,6.9,0.9,1999
22.0,22.0,HOU,Kenny Thomas,New Mexico,11,632,17306,5876,4341,975,.465,.244,.699,27.4,9.3,6.9,1.5,1999
23.0,23.0,LAL,Devean George,Augsburg College,11,630,11682,3536,1975,543,.392,.343,.721,18.5,5.6,3.1,0.9,1999
24.0,24.0,UTA,Andrei Kirilenko,,13,797,23916,9431,4352,2169,.474,.310,.754,30.0,11.8,5.5,2.7,1999
25.0,25.0,MIA,Tim James,Miami (FL),3,43,261,68,46,11,.329,.333,.652,6.1,1.6,1.1,0.3,1999
26.0,26.0,IND,Vonteego Cummings,Pitt,3,199,3789,1381,373,534,.383,.321,.726,19.0,6.9,1.9,2.7,1999
27.0,27.0,ATL,Jumaine Jones,Georgia,8,471,9780,3325,1987,408,.424,.349,.704,20.8,7.1,4.2,0.9,1999
28.0,28.0,UTA,Scott Padgett,Kentucky,8,448,5613,1874,1227,325,.410,.373,.736,12.5,4.2,2.7,0.7,1999
29.0,29.0,SAS,Leon Smith,,2,15,104,33,33,3,.393,,.647,6.9,2.2,2.2,0.2,1999
30.0,30.0,LAL,John Celestand,Villanova,1,16,185,37,11,20,.333,.222,.833,11.6,2.3,0.7,1.3,1999
1.0,1.0,NJN,Kenyon Martin,Cincinnati,15,757,23134,9325,5159,1439,.483,.234,.629,30.6,12.3,6.8,1.9,2000
2.0,2.0,VAN,Stromile Swift,LSU,9,547,10804,4582,2535,275,.473,.074,.699,19.8,8.4,4.6,0.5,2000
3.0,3.0,LAC,Darius Miles,,7,446,11730,4507,2190,840,.472,.168,.590,26.3,10.1,4.9,1.9,2000
4.0,4.0,CHI,Marcus Fizer,Iowa State,6,289,6032,2782,1340,352,.435,.191,.691,20.9,9.6,4.6,1.2,2000
5.0,5.0,ORL,Mike Miller,Florida,17,1032,27812,10973,4376,2666,.459,.407,.769,26.9,10.6,4.2,2.6,2000
6.0,6.0,ATL,DerMarr Johnson,Cincinnati,7,344,5930,2121,769,304,.411,.336,.789,17.2,6.2,2.2,0.9,2000
7.0,7.0,CHI,Chris Mihm,Texas,8,436,8758,3262,2302,223,.459,.231,.704,20.1,7.5,5.3,0.5,2000
8.0,8.0,CLE,Jamal Crawford,Michigan,20,1327,38994,19419,2948,4541,.410,.348,.862,29.4,14.6,2.2,3.4,2000
9.0,9.0,HOU,Joel Przybilla,Minnesota,13,592,11733,2293,3665,256,.552,.000,.557,19.8,3.9,6.2,0.4,2000
10.0,10.0,ORL,Keyon Dooling,Missouri,13,728,14134,5067,964,1601,.416,.349,.799,19.4,7.0,1.3,2.2,2000
11.0,11.0,BOS,Jérôme Moïso,UCLA,5,145,1392,386,395,38,.489,.000,.593,9.6,2.7,2.7,0.3,2000
12.0,12.0,DAL,Etan Thomas,Syracuse,9,409,7084,2341,1927,149,.513,,.603,17.3,5.7,4.7,0.4,2000
13.0,13.0,ORL,Courtney Alexander,Fresno State,3,187,4067,1690,409,227,.422,.339,.813,21.7,9.0,2.2,1.2,2000
14.0,14.0,DET,Mateen Cleaves,Michigan State,6,167,1863,609,175,310,.389,.267,.728,11.2,3.6,1.0,1.9,2000
15.0,15.0,MIL,Jason Collier,Georgia Tech,5,151,2178,841,443,51,.455,.350,.738,14.4,5.6,2.9,0.3,2000
16.0,16.0,SAC,Hedo Türkoğlu,,15,997,26695,11022,3971,2832,.426,.384,.784,26.8,11.1,4.0,2.8,2000
17.0,17.0,SEA,Desmond Mason,Oklahoma State,10,643,19641,7767,2863,1049,.449,.260,.740,30.5,12.1,4.5,1.6,2000
18.0,18.0,LAC,Quentin Richardson,DePaul,13,783,20785,8032,3666,1138,.397,.355,.718,26.5,10.3,4.7,1.5,2000
19.0,19.0,CHH,Jamaal Magloire,Kentucky,12,680,14621,4917,4408,386,.480,.000,.639,21.5,7.2,6.5,0.6,2000
20.0,20.0,PHI,Speedy Claxton,Hofstra,7,334,8548,3096,830,1441,.409,.193,.762,25.6,9.3,2.5,4.3,2000
21.0,21.0,TOR,Morris Peterson,Michigan State,11,711,19366,7628,2483,1090,.418,.373,.773,27.2,10.7,3.5,1.5,2000
22.0,22.0,NYK,Donnell Harvey,Florida,5,205,3318,1150,827,161,.460,.100,.659,16.2,5.6,4.0,0.8,2000
23.0,23.0,UTA,DeShawn Stevenson,,13,824,18396,5930,1832,1355,.406,.340,.698,22.3,7.2,2.2,1.6,2000
24.0,24.0,CHI,Dalibor Bagarić,,3,95,973,251,238,37,.361,.000,.559,10.2,2.6,2.5,0.4,2000
25.0,25.0,PHO,Jake Tsakalidis,,7,315,5005,1497,1238,101,.490,.000,.657,15.9,4.8,3.9,0.3,2000
26.0,26.0,DEN,Mamadou N'Diaye,Auburn,5,69,858,262,225,8,.427,.000,.736,12.4,3.8,3.3,0.1,2000
27.0,27.0,IND,Primož Brezec,,8,342,6192,2452,1327,179,.498,.167,.701,18.1,7.2,3.9,0.5,2000
28.0,28.0,POR,Erick Barkley,St. John's,2,27,266,77,21,40,.356,.267,.900,9.9,2.9,0.8,1.5,2000
29.0,29.0,LAL,Mark Madsen,Stanford,9,453,5335,975,1157,181,.457,.063,.527,11.8,2.2,2.6,0.4,2000
30.0,30.0,LAC,Marko Jarić,,7,447,11246,3193,1200,1600,.404,.344,.730,25.2,7.1,2.7,3.6,2000
1.0,1.0,WAS,Kwame Brown,,12,607,13389,4035,3333,554,.492,.111,.570,22.1,6.6,5.5,0.9,2001
2.0,2.0,LAC,Tyson Chandler,,19,1160,31617,9509,10467,967,.597,.000,.644,27.3,8.2,9.0,0.8,2001
3.0,3.0,ATL,Pau Gasol,,18,1226,41001,20894,11305,3925,.507,.368,.753,33.4,17.0,9.2,3.2,2001
4.0,4.0,CHI,Eddy Curry,,11,527,13109,6820,2725,287,.545,1.000,.642,24.9,12.9,5.2,0.5,2001
5.0,5.0,GSW,Jason Richardson,Michigan State,13,857,29241,14644,4245,2284,.438,.370,.707,34.1,17.1,5.0,2.7,2001
6.0,6.0,MEM,Shane Battier,Duke,13,977,30004,8408,4082,1717,.437,.384,.743,30.7,8.6,4.2,1.8,2001
7.0,7.0,NJN,Eddie Griffin,Seton Hall,5,303,6729,2171,1744,236,.377,.315,.671,22.2,7.2,5.8,0.8,2001
8.0,8.0,CLE,DeSagana Diop,,12,601,8403,1185,2219,270,.427,.167,.467,14.0,2.0,3.7,0.4,2001
9.0,9.0,DET,Rodney White,UNC Charlotte,4,218,3354,1540,485,237,.424,.314,.749,15.4,7.1,2.2,1.1,2001
10.0,10.0,BOS,Joe Johnson,Arkansas,18,1277,44236,20407,5059,5001,.441,.371,.802,34.6,16.0,4.0,3.9,2001
11.0,11.0,BOS,Kedrick Brown,Okaloosa-Walton Community College,4,143,1935,509,347,103,.405,.274,.640,13.5,3.6,2.4,0.7,2001
12.0,12.0,SEA,Vladimir Radmanović,,12,737,16164,5879,2784,998,.415,.378,.758,21.9,8.0,3.8,1.4,2001
13.0,13.0,HOU,Richard Jefferson,Arizona,17,1181,34293,14904,4720,2412,.464,.376,.768,29.0,12.6,4.0,2.0,2001
14.0,14.0,GSW,Troy Murphy,Notre Dame,12,729,19921,7860,5708,1088,.445,.388,.785,27.3,10.8,7.8,1.5,2001
15.0,15.0,ORL,Steven Hunter,DePaul,8,400,5993,1817,1264,79,.560,.000,.485,15.0,4.5,3.2,0.2,2001
16.0,16.0,CHH,Kirk Haston,Indiana,2,27,134,32,27,8,.232,.000,.500,5.0,1.2,1.0,0.3,2001
17.0,17.0,TOR,Michael Bradley,Villanova,5,173,2016,483,591,93,.477,.143,.511,11.7,2.8,3.4,0.5,2001
18.0,18.0,HOU,Jason Collins,Stanford,13,735,14974,2621,2706,626,.411,.206,.647,20.4,3.6,3.7,0.9,2001
19.0,19.0,POR,Zach Randolph,Michigan State,17,1116,34616,18578,10208,2049,.471,.273,.764,31.0,16.6,9.1,1.8,2001
20.0,20.0,CLE,Brendan Haywood,UNC,13,816,18680,5538,4875,442,.528,.000,.587,22.9,6.8,6.0,0.5,2001
21.0,21.0,BOS,Joseph Forte,UNC,2,25,125,30,17,17,.234,.000,.800,5.0,1.2,0.7,0.7,2001
22.0,22.0,ORL,Jeryl Sasser,SMU,2,82,1061,204,191,67,.303,.295,.687,12.9,2.5,2.3,0.8,2001
23.0,23.0,HOU,Brandon Armstrong,Pepperdine,3,108,699,239,63,24,.352,.333,.600,6.5,2.2,0.6,0.2,2001
24.0,24.0,UTA,Raül López,,2,113,2135,733,194,428,.429,.346,.853,18.9,6.5,1.7,3.8,2001
25.0,25.0,SAC,Gerald Wallace,Alabama,14,832,24731,9933,4838,1725,.469,.312,.709,29.7,11.9,5.8,2.1,2001
26.0,26.0,PHI,Samuel Dalembert,Seton Hall,13,886,21646,6814,6942,465,.521,.083,.706,24.4,7.7,7.8,0.5,2001
27.0,27.0,MEM,Jamaal Tinsley,Iowa State,11,547,14443,4652,1605,3330,.393,.299,.716,26.4,8.5,2.9,6.1,2001
28.0,28.0,SAS,Tony Parker,,18,1254,38279,19473,3396,7036,.491,.324,.751,30.5,15.5,2.7,5.6,2001
30.0,30.0,CHI,Trenton Hassell,Austin Peay State University,9,644,16278,3741,1826,1132,.445,.318,.765,25.3,5.8,2.8,1.8,2001
1.0,1.0,HOU,Yao Ming,,8,486,15818,9247,4494,769,.524,.200,.833,32.5,19.0,9.2,1.6,2002
2.0,2.0,CHI,Jay Williams,Duke,1,75,1961,714,195,350,.399,.322,.640,26.1,9.5,2.6,4.7,2002
3.0,3.0,GSW,Mike Dunleavy,Duke,15,986,27340,11048,4211,2185,.441,.377,.803,27.7,11.2,4.3,2.2,2002
4.0,4.0,MEM,Drew Gooden,Kansas,14,790,20127,8653,5618,896,.462,.257,.760,25.5,11.0,7.1,1.1,2002
5.0,5.0,DEN,Nikoloz Tskitishvili,,4,172,1946,507,307,114,.304,.235,.730,11.3,2.9,1.8,0.7,2002
6.0,6.0,CLE,Dajuan Wagner,Memphis,4,103,2202,964,142,195,.366,.321,.770,21.4,9.4,1.4,1.9,2002
7.0,7.0,NYK,Nenê,,17,965,25237,10909,5828,1719,.548,.132,.660,26.2,11.3,6.0,1.8,2002
8.0,8.0,LAC,Chris Wilcox,Maryland,11,628,12474,5150,3076,455,.541,.000,.643,19.9,8.2,4.9,0.7,2002
9.0,9.0,PHO,Amar'e Stoudemire,,14,846,26254,15994,6632,1050,.537,.236,.761,31.0,18.9,7.8,1.2,2002
10.0,10.0,MIA,Caron Butler,UConn,14,881,28333,12430,4387,2007,.434,.348,.847,32.2,14.1,5.0,2.3,2002
11.0,11.0,WAS,Jared Jeffries,Indiana,11,629,13579,3003,2563,798,.426,.250,.583,21.6,4.8,4.1,1.3,2002
12.0,12.0,LAC,Melvin Ely,Fresno State,9,375,6005,1992,1215,261,.460,.000,.625,16.0,5.3,3.2,0.7,2002
13.0,13.0,MIL,Marcus Haislip,Tennessee,4,89,854,311,131,16,.437,.350,.659,9.6,3.5,1.5,0.2,2002
14.0,14.0,IND,Fred Jones,Oregon,7,430,10299,3206,958,990,.411,.353,.809,24.0,7.5,2.2,2.3,2002
15.0,15.0,HOU,Boštjan Nachbar,,6,317,5628,2252,836,283,.406,.375,.784,17.8,7.1,2.6,0.9,2002
16.0,16.0,PHI,Jiří Welsch,,4,247,4596,1519,602,375,.403,.343,.752,18.6,6.1,2.4,1.5,2002
17.0,17.0,WAS,Juan Dixon,Maryland,7,436,8509,3678,816,775,.413,.341,.833,19.5,8.4,1.9,1.8,2002
18.0,18.0,ORL,Curtis Borchardt,Stanford,2,83,1117,258,278,64,.421,.000,.742,13.5,3.1,3.3,0.8,2002
19.0,19.0,UTA,Ryan Humphrey,Notre Dame,3,85,772,197,189,18,.344,.000,.539,9.1,2.3,2.2,0.2,2002
20.0,20.0,TOR,Kareem Rush,Missouri,7,346,5956,2213,572,353,.400,.358,.703,17.2,6.4,1.7,1.0,2002
21.0,21.0,POR,Qyntel Woods,Northeast Mississippi Community College,4,167,2060,691,385,105,.452,.357,.603,12.3,4.1,2.3,0.6,2002
22.0,22.0,PHO,Casey Jacobsen,Stanford,4,287,5320,1488,516,304,.393,.352,.769,18.5,5.2,1.8,1.1,2002
23.0,23.0,DET,Tayshaun Prince,Kentucky,14,1017,31576,11272,4332,2406,.455,.367,.756,31.0,11.1,4.3,2.4,2002
24.0,24.0,NJN,Nenad Krstić,,7,419,10547,4210,2261,346,.494,.143,.730,25.2,10.0,5.4,0.8,2002
25.0,25.0,DEN,Frank Williams,Illinois,3,86,952,253,77,166,.352,.300,.833,11.1,2.9,0.9,1.9,2002
26.0,26.0,SAS,John Salmons,Miami (FL),13,895,23672,8292,2603,2183,.431,.366,.799,26.4,9.3,2.9,2.4,2002
27.0,27.0,LAL,Chris Jefferies,Fresno State,2,72,861,281,88,29,.383,.365,.667,12.0,3.9,1.2,0.4,2002
28.0,28.0,SAC,Dan Dickau,Gonzaga,6,300,4617,1745,405,752,.401,.341,.831,15.4,5.8,1.4,2.5,2002
30.0,30.0,GSW,Steve Logan,Cincinnati,,,,,,,,,,,,,,2002
1.0,1.0,CLE,LeBron James,,23,1565,59137,42237,11746,11610,.506,.349,.737,37.8,27.0,7.5,7.4,2003
2.0,2.0,DET,Darko Miličić,,10,468,8638,2813,1971,405,.460,.000,.574,18.5,6.0,4.2,0.9,2003
3.0,3.0,DEN,Carmelo Anthony,Syracuse,19,1260,43514,28289,7808,3422,.447,.355,.814,34.5,22.5,6.2,2.7,2003
4.0,4.0,TOR,Chris Bosh,Georgia Tech,13,893,31936,17189,7592,1795,.494,.335,.799,35.8,19.2,8.5,2.0,2003
5.0,5.0,MIA,Dwyane Wade,Marquette,16,1054,35773,23165,4933,5701,.480,.293,.765,33.9,22.0,4.7,5.4,2003
6.0,6.0,LAC,Chris Kaman,Central Michigan University,13,735,19642,8208,5582,921,.489,.042,.743,26.7,11.2,7.6,1.3,2003
7.0,7.0,CHI,Kirk Hinrich,Kansas,13,879,27015,9594,2576,4245,.411,.375,.800,30.7,10.9,2.9,4.8,2003
8.0,8.0,MIL,T.J. Ford,Texas,8,429,11882,4797,1331,2495,.433,.289,.815,27.7,11.2,3.1,5.8,2003
9.0,9.0,NYK,Mike Sweetney,Georgetown,4,233,3610,1516,1045,145,.485,.000,.689,15.5,6.5,4.5,0.6,2003
10.0,10.0,WAS,Jarvis Hayes,Georgia,7,427,9898,3553,1330,459,.415,.356,.798,23.2,8.3,3.1,1.1,2003
11.0,11.0,GSW,Mickaël Piétrus,,10,557,11950,4629,1723,445,.425,.355,.665,21.5,8.3,3.1,0.8,2003
12.0,12.0,SEA,Nick Collison,Kansas,14,910,18603,5359,4701,939,.534,.208,.723,20.4,5.9,5.2,1.0,2003
13.0,13.0,MEM,Marcus Banks,UNLV,8,348,5571,2061,519,728,.432,.327,.768,16.0,5.9,1.5,2.1,2003
14.0,14.0,SEA,Luke Ridnour,Oregon,12,830,21623,7740,1877,3713,.431,.349,.862,26.1,9.3,2.3,4.5,2003
15.0,15.0,ORL,Reece Gaines,Louisville,3,71,605,123,53,50,.324,.269,.606,8.5,1.7,0.7,0.7,2003
16.0,16.0,BOS,Troy Bell,Boston College,1,6,34,11,4,4,.222,.000,1.000,5.7,1.8,0.7,0.7,2003
17.0,17.0,PHO,Žarko Čabarkapa,,3,150,1550,640,312,85,.427,.273,.733,10.3,4.3,2.1,0.6,2003
18.0,18.0,NOH,David West,Xavier,15,1034,29144,14034,6590,2273,.495,.265,.817,28.2,13.6,6.4,2.2,2003
19.0,19.0,UTA,Sasha Pavlović,,10,567,8888,2787,1000,517,.404,.346,.673,15.7,4.9,1.8,0.9,2003
20.0,20.0,BOS,Dahntay Jones,Duke,13,624,9799,3353,1082,529,.439,.329,.751,15.7,5.4,1.7,0.8,2003
21.0,21.0,ATL,Boris Diaw,,14,1064,28768,9139,4634,3684,.493,.336,.717,27.0,8.6,4.4,3.5,2003
22.0,22.0,NJN,Zoran Planinić,,3,148,1584,561,198,165,.405,.289,.677,10.7,3.8,1.3,1.1,2003
23.0,23.0,POR,Travis Outlaw,,11,622,13026,5273,1974,514,.423,.337,.744,20.9,8.5,3.2,0.8,2003
24.0,24.0,LAL,Brian Cook,Illinois,9,421,5649,2312,1115,252,.439,.382,.783,13.4,5.5,2.6,0.6,2003
25.0,25.0,DET,Carlos Delfino,,8,507,11580,4115,1815,887,.401,.365,.758,22.8,8.1,3.6,1.7,2003
26.0,26.0,MIN,Ndudi Ebi,,2,19,86,40,19,4,.486,.000,.462,4.5,2.1,1.0,0.2,2003
27.0,27.0,MEM,Kendrick Perkins,,14,782,17162,4214,4532,813,.530,.000,.594,21.9,5.4,5.8,1.0,2003
28.0,28.0,SAS,Leandro Barbosa,,14,850,18386,9035,1720,1775,.459,.387,.821,21.6,10.6,2.0,2.1,2003
29.0,29.0,DAL,Josh Howard,Wake Forest,10,507,15350,7270,2886,817,.448,.332,.770,30.3,14.3,5.7,1.6,2003
30.0,30.0,NYK,Maciej Lampe,,3,64,632,215,142,22,.407,.250,.676,9.9,3.4,2.2,0.3,2003
1.0,1.0,ORL,Dwight Howard,,18,1242,39457,19485,14627,1676,.587,.214,.567,31.8,15.7,11.8,1.3,2004
2.0,2.0,CHA,Emeka Okafor,UConn,10,616,19055,7370,5967,520,.512,.000,.586,30.9,12.0,9.7,0.8,2004
3.0,3.0,CHI,Ben Gordon,UConn,11,744,20366,11084,1851,1868,.432,.401,.857,27.4,14.9,2.5,2.5,2004
4.0,4.0,LAC,Shaun Livingston,,14,833,17188,5231,1989,2483,.486,.178,.794,20.6,6.3,2.4,3.0,2004
5.0,5.0,WAS,Devin Harris,Wisconsin,15,985,23963,10597,2151,3869,.432,.325,.796,24.3,10.8,2.2,3.9,2004
6.0,6.0,ATL,Josh Childress,Stanford,8,391,10432,3548,1850,609,.522,.329,.779,26.7,9.1,4.7,1.6,2004
7.0,7.0,PHO,Luol Deng,Duke,15,902,30941,13361,5468,2042,.456,.332,.769,34.3,14.8,6.1,2.3,2004
8.0,8.0,TOR,Rafael Araújo,BYU,3,139,1585,389,395,41,.405,.250,.679,11.4,2.8,2.8,0.3,2004
9.0,9.0,PHI,Andre Iguodala,Arizona,19,1231,39507,13968,6047,5147,.463,.330,.709,32.1,11.3,4.9,4.2,2004
10.0,10.0,CLE,Luke Jackson,Oregon,4,73,724,252,89,58,.357,.360,.732,9.9,3.5,1.2,0.8,2004
11.0,11.0,GSW,Andris Biedriņš,,10,516,11146,3247,3631,467,.594,.000,.500,21.6,6.3,7.0,0.9,2004
12.0,12.0,SEA,Robert Swift,,4,97,1500,416,376,20,.506,,.610,15.5,4.3,3.9,0.2,2004
13.0,13.0,POR,Sebastian Telfair,,10,564,12149,4183,898,1960,.390,.319,.777,21.5,7.4,1.6,3.5,2004
14.0,14.0,UTA,Kris Humphries,Minnesota,13,800,14232,5350,4314,556,.463,.293,.700,17.8,6.7,5.4,0.7,2004
15.0,15.0,BOS,Al Jefferson,,14,915,26299,14343,7690,1347,.499,.121,.711,28.7,15.7,8.4,1.5,2004
16.0,16.0,UTA,Kirk Snyder,Nevada,4,211,3540,1333,491,241,.438,.327,.699,16.8,6.3,2.3,1.1,2004
17.0,17.0,ATL,Josh Smith,,13,894,29000,12996,6653,2789,.452,.285,.632,32.4,14.5,7.4,3.1,2004
18.0,18.0,NOH,J.R. Smith,,16,977,26275,12148,3073,2077,.419,.373,.733,26.9,12.4,3.1,2.1,2004
19.0,19.0,MIA,Dorell Wright,,11,549,12280,4597,2093,850,.424,.365,.806,22.4,8.4,3.8,1.5,2004
20.0,20.0,DEN,Jameer Nelson,Saint Joseph's,14,878,24539,9940,2595,4508,.436,.368,.810,27.9,11.3,3.0,5.1,2004
21.0,21.0,UTA,Pavel Podkolzin,,2,6,28,4,9,0,.000,,.500,4.7,0.7,1.5,0.0,2004
22.0,22.0,NJN,Viktor Khryapa,,4,143,2351,643,492,142,.443,.292,.658,16.4,4.5,3.4,1.0,2004
23.0,23.0,POR,Sergei Monia,,1,26,343,77,52,19,.333,.265,.714,13.2,3.0,2.0,0.7,2004
24.0,24.0,BOS,Delonte West,Saint Joseph's,8,432,11842,4198,1265,1540,.448,.372,.826,27.4,9.7,2.9,3.6,2004
25.0,25.0,BOS,Tony Allen,Oklahoma State,14,820,18055,6654,2884,1077,.475,.282,.709,22.0,8.1,3.5,1.3,2004
26.0,26.0,SAC,Kevin Martin,Western Carolina University,12,714,21559,12396,2278,1352,.437,.384,.870,30.2,17.4,3.2,1.9,2004
27.0,27.0,LAL,Sasha Vujačić,,10,581,8908,3094,1093,748,.390,.367,.858,15.3,5.3,1.9,1.3,2004
28.0,28.0,SAS,Beno Udrih,,13,831,18185,6952,1712,2858,.463,.349,.833,21.9,8.4,2.1,3.4,2004
29.0,29.0,IND,David Harrison,Colorado,4,189,2686,949,549,47,.530,,.525,14.2,5.0,2.9,0.2,2004
31.0,30.0,ORL,Anderson Varejão,,14,632,15087,4574,4531,737,.509,.023,.630,23.9,7.2,7.2,1.2,2004
1.0,1.0,MIL,Andrew Bogut,Utah,14,706,19862,6808,6112,1546,.535,.120,.557,28.1,9.6,8.7,2.2,2005
2.0,2.0,ATL,Marvin Williams,UNC,15,1072,30159,10965,5546,1373,.443,.361,.808,28.1,10.2,5.2,1.3,2005
3.0,3.0,UTA,Deron Williams,Illinois,12,845,28865,13804,2619,6819,.445,.357,.822,34.2,16.3,3.1,8.1,2005
4.0,4.0,NOH,Chris Paul,Wake Forest,21,1367,45795,23045,6002,12546,.469,.369,.870,33.5,16.9,4.4,9.2,2005
5.0,5.0,CHA,Raymond Felton,UNC,14,971,28829,10853,2867,5096,.412,.329,.790,29.7,11.2,3.0,5.2,2005
6.0,6.0,POR,Martell Webster,,10,580,13914,5056,1811,588,.418,.382,.791,24.0,8.7,3.1,1.0,2005
7.0,7.0,TOR,Charlie Villanueva,UConn,11,656,13578,6808,3019,549,.435,.341,.772,20.7,10.4,4.6,0.8,2005
8.0,8.0,NYK,Channing Frye,Arizona,13,890,19772,7786,4002,864,.440,.388,.822,22.2,8.7,4.5,1.0,2005
9.0,9.0,GSW,Ike Diogu,Arizona State,6,225,2795,1348,689,69,.509,.500,.786,12.4,6.0,3.1,0.3,2005
10.0,10.0,LAL,Andrew Bynum,,8,418,10690,4822,3221,490,.556,.111,.690,25.6,11.5,7.7,1.2,2005
11.0,11.0,ORL,Fran Vázquez,,,,,,,,,,,,,,,2005
12.0,12.0,LAC,Yaroslav Korolev,,2,34,168,39,16,13,.283,.250,.625,4.9,1.1,0.5,0.4,2005
13.0,13.0,CHA,Sean May,UNC,4,119,1868,821,481,115,.458,.231,.746,15.7,6.9,4.0,1.0,2005
14.0,14.0,MIN,Rashad McCants,UNC,4,249,5037,2479,506,331,.431,.368,.741,20.2,10.0,2.0,1.3,2005
15.0,15.0,NJN,Antoine Wright,Texas A&M,6,297,5714,1614,681,295,.412,.304,.674,19.2,5.4,2.3,1.0,2005
16.0,16.0,TOR,Joey Graham,Oklahoma State,6,377,6117,2239,1058,207,.483,.300,.815,16.2,5.9,2.8,0.5,2005
17.0,17.0,IND,Danny Granger,New Mexico,10,586,18487,9855,2888,1097,.434,.380,.848,31.5,16.8,4.9,1.9,2005
18.0,18.0,BOS,Gerald Green,,12,658,13026,6412,1639,596,.417,.361,.818,19.8,9.7,2.5,0.9,2005
19.0,19.0,MEM,Hakim Warrick,Syracuse,8,526,10624,4947,2117,400,.490,.191,.726,20.2,9.4,4.0,0.8,2005
20.0,20.0,DEN,Julius Hodge,NC State,2,23,98,28,15,18,.440,,.500,4.3,1.2,0.7,0.8,2005
21.0,21.0,PHO,Nate Robinson,Washington,11,618,13878,6807,1446,1826,.423,.360,.796,22.5,11.0,2.3,3.0,2005
22.0,22.0,DEN,Jarrett Jack,Georgia Tech,13,867,24140,9349,2487,3952,.440,.343,.855,27.8,10.8,2.9,4.6,2005
23.0,23.0,SAC,Francisco García,Louisville,10,549,11853,4323,1400,747,.427,.357,.799,21.6,7.9,2.6,1.4,2005
24.0,24.0,HOU,Luther Head,Illinois,6,348,7797,2842,845,747,.423,.388,.773,22.4,8.2,2.4,2.1,2005
25.0,25.0,SEA,Johan Petro,,8,473,7262,2202,1836,227,.462,.154,.678,15.4,4.7,3.9,0.5,2005
26.0,26.0,DET,Jason Maxiell,Cincinnati,10,618,11379,3481,2576,266,.495,.000,.564,18.4,5.6,4.2,0.4,2005
27.0,27.0,POR,Linas Kleiza,Missouri,7,409,8185,3561,1470,321,.435,.335,.763,20.0,8.7,3.6,0.8,2005
28.0,28.0,SAS,Ian Mahinmi,,12,618,10353,3209,2705,357,.533,.160,.612,16.8,5.2,4.4,0.6,2005
29.0,29.0,MIA,Wayne Simien,Kansas,2,51,507,169,99,11,.469,,.854,9.9,3.3,1.9,0.2,2005
30.0,30.0,NYK,David Lee,Florida,12,829,24293,11232,7320,1825,.535,.034,.772,29.3,13.5,8.8,2.2,2005
1.0,1.0,TOR,Andrea Bargnani,,10,550,15806,7873,2541,653,.439,.354,.824,28.7,14.3,4.6,1.2,2006
2.0,2.0,CHI,LaMarcus Aldridge,Texas,16,1076,36242,20558,8736,2076,.493,.320,.813,33.7,19.1,8.1,1.9,2006
3.0,3.0,CHA,Adam Morrison,Gonzaga,3,161,3278,1200,342,222,.373,.331,.710,20.4,7.5,2.1,1.4,2006
4.0,4.0,POR,Tyrus Thomas,LSU,8,402,7932,3093,1938,347,.438,.235,.732,19.7,7.7,4.8,0.9,2006
5.0,5.0,ATL,Shelden Williams,Duke,6,361,5586,1618,1562,163,.462,.222,.740,15.5,4.5,4.3,0.5,2006
6.0,6.0,MIN,Brandon Roy,Washington,6,326,11561,6136,1388,1517,.459,.348,.800,35.5,18.8,4.3,4.7,2006
7.0,7.0,BOS,Randy Foye,Villanova,11,752,19279,7729,1686,2112,.401,.366,.852,25.6,10.3,2.2,2.8,2006
8.0,8.0,HOU,Rudy Gay,UConn,17,1120,34561,17642,6283,2280,.452,.346,.799,30.9,15.8,5.6,2.0,2006
9.0,9.0,GSW,Patrick O'Bryant,Bradley,4,90,524,186,127,25,.494,.000,.583,5.8,2.1,1.4,0.3,2006
10.0,10.0,SEA,Mouhamed Sene,,3,47,260,103,75,1,.427,,.589,5.5,2.2,1.6,0.0,2006
11.0,11.0,ORL,JJ Redick,Duke,15,940,23964,12028,1903,1862,.447,.415,.892,25.5,12.8,2.0,2.0,2006
12.0,12.0,NOK,Hilton Armstrong,UConn,6,292,3378,880,766,102,.501,.286,.582,11.6,3.0,2.6,0.3,2006
13.0,13.0,PHI,Thabo Sefolosha,,14,869,19062,4994,3252,1196,.449,.349,.732,21.9,5.7,3.7,1.4,2006
14.0,14.0,UTA,Ronnie Brewer,Arkansas,8,502,11539,3940,1427,828,.490,.254,.675,23.0,7.8,2.8,1.6,2006
15.0,15.0,NOK,Cedric Simmons,NC State,3,75,705,163,141,14,.409,,.390,9.4,2.2,1.9,0.2,2006
16.0,16.0,CHI,Rodney Carney,Memphis,5,299,4600,1778,588,132,.422,.338,.704,15.4,5.9,2.0,0.4,2006
17.0,17.0,IND,Shawne Williams,Memphis,7,314,5368,1769,945,220,.403,.339,.755,17.1,5.6,3.0,0.7,2006
18.0,18.0,WAS,Oleksiy Pecherov,,3,111,1044,438,266,20,.386,.290,.793,9.4,3.9,2.4,0.2,2006
19.0,19.0,SAC,Quincy Douby,Rutgers University,3,143,1535,588,152,93,.389,.312,.884,10.7,4.1,1.1,0.7,2006
20.0,20.0,NYK,Renaldo Balkman,South Carolina,6,221,3064,894,769,132,.510,.172,.542,13.9,4.0,3.5,0.6,2006
21.0,21.0,PHO,Rajon Rondo,Kentucky,16,957,28571,9337,4349,7584,.456,.324,.611,29.9,9.8,4.5,7.9,2006
22.0,22.0,NJN,Marcus Williams,UConn,4,203,3095,1128,361,574,.386,.321,.767,15.2,5.6,1.8,2.8,2006
23.0,23.0,NJN,Josh Boone,UConn,4,256,4482,1340,1258,125,.544,,.445,17.5,5.2,4.9,0.5,2006
24.0,24.0,MEM,Kyle Lowry,Villanova,20,1174,36683,16359,4961,7100,.423,.368,.815,31.2,13.9,4.2,6.0,2006
25.0,25.0,CLE,Shannon Brown,Michigan State,9,408,7329,3118,760,458,.420,.332,.807,18.0,7.6,1.9,1.1,2006
26.0,26.0,LAL,Jordan Farmar,UCLA,10,504,9840,3888,958,1453,.423,.374,.739,19.5,7.7,1.9,2.9,2006
27.0,27.0,PHO,Sergio Rodríguez,,5,353,5281,1747,525,1183,.409,.337,.739,15.0,4.9,1.5,3.4,2006
28.0,28.0,DAL,Maurice Ager,Michigan State,4,82,505,169,46,19,.339,.250,.566,6.2,2.1,0.6,0.2,2006
29.0,29.0,NYK,Mardy Collins,Temple,4,189,2771,742,336,327,.380,.299,.599,14.7,3.9,1.8,1.7,2006
30.0,30.0,POR,Joel Freeland,,3,151,1821,477,518,65,.459,.000,.728,12.1,3.2,3.4,0.4,2006
1.0,1.0,POR,Greg Oden,Ohio State,3,105,2028,840,656,51,.574,,.658,19.3,8.0,6.2,0.5,2007
2.0,2.0,SEA,Kevin Durant,Texas,18,1137,41742,30915,7895,4954,.502,.390,.882,36.7,27.2,6.9,4.4,2007
3.0,3.0,ATL,Al Horford,Florida,19,1150,36179,14775,8994,3651,.508,.376,.764,31.5,12.8,7.8,3.2,2007
4.0,4.0,MEM,Mike Conley,Ohio State,19,1190,36958,16574,3487,6688,.438,.389,.826,31.1,13.9,2.9,5.6,2007
5.0,5.0,BOS,Jeff Green,Georgetown,18,1223,33280,14425,4885,1784,.450,.338,.804,27.2,11.8,4.0,1.5,2007
6.0,6.0,MIL,Yi Jianlian,,5,272,6038,2148,1339,192,.404,.333,.780,22.2,7.9,4.9,0.7,2007
7.0,7.0,MIN,Corey Brewer,Florida,13,819,18771,7097,2287,1250,.425,.284,.713,22.9,8.7,2.8,1.5,2007
8.0,8.0,CHA,Brandan Wright,UNC,10,428,6949,2976,1560,199,.607,.000,.674,16.2,7.0,3.6,0.5,2007
9.0,9.0,CHI,Joakim Noah,Florida,13,672,18646,5881,6058,1907,.491,.000,.700,27.7,8.8,9.0,2.8,2007
10.0,10.0,SAC,Spencer Hawes,Washington,10,684,15541,5932,3893,1271,.457,.350,.716,22.7,8.7,5.7,1.9,2007
11.0,11.0,ATL,Acie Law,Texas A&M,4,188,2385,725,195,309,.413,.235,.778,12.7,3.9,1.0,1.6,2007
12.0,12.0,PHI,Thaddeus Young,Georgia Tech,17,1172,33012,14225,6614,2135,.503,.328,.661,28.2,12.1,5.6,1.8,2007
13.0,13.0,NOK,Julian Wright,Kansas,4,231,3049,907,531,182,.499,.262,.584,13.2,3.9,2.3,0.8,2007
14.0,14.0,LAC,Al Thornton,Florida State,4,296,8274,3527,1233,353,.452,.293,.747,28.0,11.9,4.2,1.2,2007
15.0,15.0,DET,Rodney Stuckey,Eastern Washington,10,651,17890,8185,1912,2333,.423,.300,.824,27.5,12.6,2.9,3.6,2007
16.0,16.0,WAS,Nick Young,USC,12,720,16419,8194,1427,687,.418,.376,.836,22.8,11.4,2.0,1.0,2007
17.0,17.0,NJN,Sean Williams,Boston College,4,137,1978,581,472,47,.511,.000,.624,14.4,4.2,3.4,0.3,2007
18.0,18.0,GSW,Marco Belinelli,,13,860,19548,8370,1769,1429,.424,.376,.846,22.7,9.7,2.1,1.7,2007
19.0,19.0,LAL,Javaris Crittenton,Georgia Tech,2,113,1853,595,276,201,.442,.231,.638,16.4,5.3,2.4,1.8,2007
20.0,20.0,MIA,Jason Smith,Colorado State,11,616,10029,3777,2075,453,.468,.333,.783,16.3,6.1,3.4,0.7,2007
21.0,21.0,PHI,Daequan Cook,Ohio State,6,328,5993,2114,703,243,.369,.359,.813,18.3,6.4,2.1,0.7,2007
22.0,22.0,CHA,Jared Dudley,Boston College,14,904,20117,6633,2849,1394,.463,.393,.732,22.3,7.3,3.2,1.5,2007
23.0,23.0,NYK,Wilson Chandler,DePaul,12,676,20287,8463,3574,1205,.443,.341,.770,30.0,12.5,5.3,1.8,2007
24.0,24.0,PHO,Rudy Fernández,,4,249,5965,2254,608,554,.399,.360,.840,24.0,9.1,2.4,2.2,2007
25.0,25.0,UTA,Morris Almond,Rice University,3,38,361,119,46,12,.381,.292,.743,9.5,3.1,1.2,0.3,2007
26.0,26.0,HOU,Aaron Brooks,Oregon,10,645,13439,6259,1079,1925,.413,.370,.837,20.8,9.7,1.7,3.0,2007
27.0,27.0,DET,Arron Afflalo,UCLA,11,762,20829,8198,2176,1386,.450,.386,.825,27.3,10.8,2.9,1.8,2007
28.0,28.0,SAS,Tiago Splitter,,7,355,6812,2816,1779,423,.555,.143,.697,19.2,7.9,5.0,1.2,2007
29.0,29.0,PHO,Alando Tucker,Wisconsin,3,51,426,211,49,16,.423,.294,.783,8.4,4.1,1.0,0.3,2007
30.0,30.0,PHI,Petteri Koponen,,,,,,,,,,,,,,,2007
1.0,1.0,CHI,Derrick Rose,Memphis,15,723,22054,12573,2324,3770,.456,.316,.831,30.5,17.4,3.2,5.2,2008
2.0,2.0,MIA,Michael Beasley,Kansas State,11,609,13903,7568,2861,788,.465,.349,.759,22.8,12.4,4.7,1.3,2008
3.0,3.0,MIN,O.J. Mayo,USC,8,547,16919,7574,1706,1607,.429,.373,.820,30.9,13.8,3.1,2.9,2008
4.0,4.0,SEA,Russell Westbrook,UCLA,18,1256,41712,26471,8809,10046,.439,.307,.771,33.2,21.1,7.0,8.0,2008
5.0,5.0,MEM,Kevin Love,UCLA,18,962,27644,15471,9541,2193,.438,.368,.828,28.7,16.1,9.9,2.3,2008
6.0,6.0,NYK,Danilo Gallinari,,14,777,22410,11607,3618,1469,.428,.381,.876,28.8,14.9,4.7,1.9,2008
7.0,7.0,LAC,Eric Gordon,Indiana,18,929,28928,14152,2115,2511,.430,.372,.810,31.1,15.2,2.3,2.7,2008
8.0,8.0,MIL,Joe Alexander,West Virginia,2,67,745,282,120,44,.410,.340,.698,11.1,4.2,1.8,0.7,2008
9.0,9.0,CHA,D.J. Augustin,Texas,14,976,22851,9259,1805,3761,.412,.381,.867,23.4,9.5,1.8,3.9,2008
10.0,10.0,NJN,Brook Lopez,Stanford,18,1122,33767,17624,6770,1624,.496,.352,.797,30.1,15.7,6.0,1.4,2008
11.0,11.0,IND,Jerryd Bayless,Arizona,11,586,12486,4909,1235,1674,.411,.361,.818,21.3,8.4,2.1,2.9,2008
12.0,12.0,SAC,Jason Thompson,Rider University,8,588,14819,5210,3880,635,.496,.143,.657,25.2,8.9,6.6,1.1,2008
13.0,13.0,POR,Brandon Rush,Kansas,9,481,10564,3250,1413,468,.426,.402,.706,22.0,6.8,2.9,1.0,2008
14.0,14.0,GSW,Anthony Randolph,LSU,6,252,3841,1789,1078,187,.453,.241,.740,15.2,7.1,4.3,0.7,2008
15.0,15.0,PHO,Robin Lopez,Stanford,16,992,20937,8326,4660,819,.537,.297,.743,21.1,8.4,4.7,0.8,2008
16.0,16.0,PHI,Marreese Speights,Florida,10,705,10640,5592,2875,461,.459,.356,.797,15.1,7.9,4.1,0.7,2008
17.0,17.0,TOR,Roy Hibbert,Georgetown,9,662,16389,6611,4173,885,.465,.250,.755,24.8,10.0,6.3,1.3,2008
18.0,18.0,WAS,JaVale McGee,Nevada,16,909,14676,6907,4577,386,.578,.192,.604,16.1,7.6,5.0,0.4,2008
19.0,19.0,CLE,J.J. Hickson,NC State,8,534,11925,5081,3639,449,.505,.000,.617,22.3,9.5,6.8,0.8,2008
20.0,20.0,CHA,Alexis Ajinça,,7,293,3905,1553,1150,143,.503,.286,.797,13.3,5.3,3.9,0.5,2008
21.0,21.0,NJN,Ryan Anderson,California,12,649,16769,8001,3413,586,.422,.380,.854,25.8,12.3,5.3,0.9,2008
22.0,22.0,ORL,Courtney Lee,Western Kentucky,12,811,21938,7765,2127,1353,.451,.388,.853,27.1,9.6,2.6,1.7,2008
23.0,23.0,UTA,Kosta Koufos,Ohio State,11,686,11271,3913,3452,359,.534,.000,.582,16.4,5.7,5.0,0.5,2008
24.0,24.0,SEA,Serge Ibaka,,14,919,25127,11028,6513,749,.513,.359,.757,27.3,12.0,7.1,0.8,2008
25.0,25.0,HOU,Nicolas Batum,,18,1149,32961,11343,5522,3560,.437,.369,.832,28.7,9.9,4.8,3.1,2008
26.0,26.0,SAS,George Hill,IUPUI,15,915,24501,9545,2731,2807,.457,.380,.806,26.8,10.4,3.0,3.1,2008
27.0,27.0,NOH,Darrell Arthur,Kansas,9,503,8945,3282,1768,409,.444,.352,.765,17.8,6.5,3.5,0.8,2008
28.0,28.0,MEM,Donté Greene,Syracuse,4,253,4259,1541,600,183,.406,.304,.701,16.8,6.1,2.4,0.7,2008
29.0,29.0,DET,D.J. White,Indiana,6,138,2111,810,437,80,.507,.333,.720,15.3,5.9,3.2,0.6,2008
30.0,30.0,BOS,J.R. Giddens,New Mexico,2,38,247,73,54,13,.476,.000,.565,6.5,1.9,1.4,0.3,2008
1.0,1.0,LAC,Blake Griffin,Oklahoma,13,765,24384,14513,6109,3055,.493,.328,.696,31.9,19.0,8.0,4.0,2009
2.0,2.0,MEM,Hasheem Thabeet,UConn,5,224,2357,483,595,27,.567,,.578,10.5,2.2,2.7,0.1,2009
3.0,3.0,OKC,James Harden,Arizona State,17,1168,40617,28161,6570,8459,.439,.363,.862,34.8,24.1,5.6,7.2,2009
4.0,4.0,SAC,Tyreke Evans,Memphis,10,594,18242,9347,2720,2852,.440,.323,.757,30.7,15.7,4.6,4.8,2009
5.0,5.0,MIN,Ricky Rubio,,12,698,20694,7570,2830,5160,.388,.324,.843,29.6,10.8,4.1,7.4,2009
6.0,6.0,MIN,Jonny Flynn,Syracuse,3,163,3738,1504,307,634,.400,.338,.809,22.9,9.2,1.9,3.9,2009
7.0,7.0,GSW,Stephen Curry,Davidson,17,1042,35472,25832,4878,6604,.471,.423,.912,34.0,24.8,4.7,6.3,2009
8.0,8.0,NYK,Jordan Hill,Arizona,8,409,7692,3232,2389,322,.497,.136,.699,18.8,7.9,5.8,0.8,2009
9.0,9.0,TOR,DeMar DeRozan,USC,17,1206,41853,25639,5267,4937,.470,.301,.843,34.7,21.3,4.4,4.1,2009
10.0,10.0,MIL,Brandon Jennings,,9,555,16844,7801,1659,3151,.387,.345,.796,30.3,14.1,3.0,5.7,2009
11.0,11.0,NJN,Terrence Williams,Louisville,4,153,2922,1085,545,364,.412,.317,.659,19.1,7.1,3.6,2.4,2009
12.0,12.0,CHA,Gerald Henderson,Duke,8,535,13854,5987,1716,1009,.440,.327,.793,25.9,11.2,3.2,1.9,2009
13.0,13.0,IND,Tyler Hansbrough,UNC,7,428,7233,2881,1808,181,.439,.136,.738,16.9,6.7,4.2,0.4,2009
14.0,14.0,PHO,Earl Clark,Louisville,6,261,3630,1138,778,134,.403,.328,.664,13.9,4.4,3.0,0.5,2009
15.0,15.0,DET,Austin Daye,Gonzaga,6,293,4132,1522,764,212,.402,.351,.778,14.1,5.2,2.6,0.7,2009
16.0,16.0,CHI,James Johnson,Wake Forest,16,786,15561,5830,2716,1610,.473,.300,.678,19.8,7.4,3.5,2.0,2009
17.0,17.0,PHI,Jrue Holiday,UCLA,17,1049,34561,16622,4403,6539,.462,.369,.788,32.9,15.8,4.2,6.2,2009
18.0,18.0,MIN,Ty Lawson,UNC,8,551,16088,6977,1506,3316,.460,.359,.770,29.2,12.7,2.7,6.0,2009
19.0,19.0,ATL,Jeff Teague,Wake Forest,12,826,22164,10061,1989,4585,.444,.360,.844,26.8,12.2,2.4,5.6,2009
20.0,20.0,UTA,Eric Maynor,VCU,5,267,3896,1141,348,760,.392,.350,.721,14.6,4.3,1.3,2.8,2009
21.0,21.0,NOH,Darren Collison,UCLA,11,711,20833,8861,1889,3545,.471,.394,.853,29.3,12.5,2.7,5.0,2009
22.0,22.0,POR,Victor Claver,,3,80,1072,258,178,56,.398,.293,.585,13.4,3.2,2.2,0.7,2009
23.0,23.0,SAC,Omri Casspi,,10,588,11959,4642,2355,662,.454,.368,.678,20.3,7.9,4.0,1.1,2009
24.0,24.0,DAL,Byron Mullens,Ohio State,5,189,3446,1398,790,153,.408,.319,.706,18.2,7.4,4.2,0.8,2009
25.0,25.0,OKC,Rodrigue Beaubois,,4,182,2896,1286,338,374,.439,.325,.810,15.9,7.1,1.9,2.1,2009
26.0,26.0,CHI,Taj Gibson,USC,16,1002,23069,8397,5727,946,.517,.266,.712,23.0,8.4,5.7,0.9,2009
27.0,27.0,MEM,DeMarre Carroll,Missouri,11,578,13675,5150,2454,726,.430,.358,.741,23.7,8.9,4.2,1.3,2009
28.0,28.0,MIN,Wayne Ellington,UNC,13,770,16100,6190,1643,852,.410,.382,.843,20.9,8.0,2.1,1.1,2009
29.0,29.0,LAL,Toney Douglas,Florida State,8,394,7511,3009,875,889,.404,.354,.824,19.1,7.6,2.2,2.3,2009
30.0,30.0,CLE,Christian Eyenga,,2,51,1049,320,137,40,.411,.277,.611,20.6,6.3,2.7,0.8,2009
1.0,1.0,WAS,John Wall,Kentucky,11,647,22588,12088,2704,5735,.430,.322,.776,34.9,18.7,4.2,8.9,2010
2.0,2.0,PHI,Evan Turner,Ohio State,10,705,18938,6824,3278,2462,.434,.294,.782,26.9,9.7,4.6,3.5,2010
3.0,3.0,NJN,Derrick Favors,Georgia Tech,12,790,19202,8354,5608,851,.534,.198,.663,24.3,10.6,7.1,1.1,2010
4.0,4.0,MIN,Wesley Johnson,Syracuse,9,609,13472,4235,1924,645,.404,.337,.741,22.1,7.0,3.2,1.1,2010
5.0,5.0,SAC,DeMarcus Cousins,Kentucky,11,654,19508,12802,6664,1979,.460,.331,.737,29.8,19.6,10.2,3.0,2010
6.0,6.0,GSW,Ekpe Udoh,Baylor,7,384,5694,1353,1100,260,.453,.000,.718,14.8,3.5,2.9,0.7,2010
7.0,7.0,DET,Greg Monroe,Georgetown,10,646,17670,8402,5293,1376,.514,.059,.703,27.4,13.0,8.2,2.1,2010
8.0,8.0,LAC,Al-Farouq Aminu,Wake Forest,11,711,17698,5350,4280,879,.420,.332,.746,24.9,7.5,6.0,1.2,2010
9.0,9.0,UTA,Gordon Hayward,Butler,14,835,25654,12687,3698,2940,.455,.370,.822,30.7,15.2,4.4,3.5,2010
10.0,10.0,IND,Paul George,Fresno State,16,911,30582,18737,5698,3380,.440,.383,.852,33.6,20.6,6.3,3.7,2010
11.0,11.0,NOH,Cole Aldrich,Kansas,8,339,3389,1050,1131,183,.527,,.738,10.0,3.1,3.3,0.5,2010
12.0,12.0,MEM,Xavier Henry,Kansas,5,185,2905,1050,351,120,.406,.325,.635,15.7,5.7,1.9,0.6,2010
13.0,13.0,TOR,Ed Davis,UNC,12,722,13756,4291,4616,539,.567,.000,.583,19.1,5.9,6.4,0.7,2010
14.0,14.0,HOU,Patrick Patterson,Kentucky,11,719,14923,4782,2799,736,.447,.369,.755,20.8,6.7,3.9,1.0,2010
15.0,15.0,MIL,Larry Sanders,VCU,6,238,4635,1520,1345,174,.480,.000,.553,19.5,6.4,5.7,0.7,2010
16.0,16.0,MIN,Luke Babbitt,Nevada,8,381,5332,1818,846,224,.408,.402,.747,14.0,4.8,2.2,0.6,2010
17.0,17.0,CHI,Kevin Séraphin,,7,423,6430,2516,1462,246,.489,.000,.715,15.2,5.9,3.5,0.6,2010
18.0,18.0,OKC,Eric Bledsoe,Kentucky,12,756,21021,10348,2937,3545,.452,.336,.784,27.8,13.7,3.9,4.7,2010
19.0,19.0,BOS,Avery Bradley,Texas,12,660,18151,7279,1863,1105,.434,.365,.783,27.5,11.0,2.8,1.7,2010
20.0,20.0,SAS,James Anderson,Oklahoma State,5,247,4320,1422,560,291,.411,.321,.755,17.5,5.8,2.3,1.2,2010
21.0,21.0,OKC,Craig Brackins,Iowa State,2,17,121,30,19,9,.265,.214,.500,7.1,1.8,1.1,0.5,2010
22.0,22.0,POR,Elliot Williams,Memphis,4,109,1470,537,161,94,.421,.310,.669,13.5,4.9,1.5,0.9,2010
23.0,23.0,MIN,Trevor Booker,Clemson,8,532,10872,3679,2932,565,.515,.305,.636,20.4,6.9,5.5,1.1,2010
24.0,24.0,ATL,Damion James,Texas,4,39,623,150,131,26,.415,.000,.667,16.0,3.8,3.4,0.7,2010
25.0,25.0,MEM,Dominique Jones,South Florida,3,80,741,246,114,144,.366,.095,.729,9.3,3.1,1.4,1.8,2010
26.0,26.0,OKC,Quincy Pondexter,Washington,7,355,5530,1609,640,263,.423,.356,.746,15.6,4.5,1.8,0.7,2010
27.0,27.0,NJN,Jordan Crawford,Xavier,6,281,6843,3432,703,883,.411,.317,.826,24.4,12.2,2.5,3.1,2010
28.0,28.0,MEM,Greivis Vásquez,Maryland,7,401,9520,3591,1021,1935,.418,.349,.817,23.7,9.0,2.5,4.8,2010
29.0,29.0,ORL,Daniel Orton,Kentucky,3,51,542,143,126,24,.485,.000,.597,10.6,2.8,2.5,0.5,2010
30.0,30.0,WAS,Lazar Hayward,Marquette,3,72,591,207,90,35,.347,.269,.767,8.2,2.9,1.3,0.5,2010
1.0,1.0,CLE,Kyrie Irving,Duke,14,779,26879,18433,3173,4364,.474,.394,.888,34.5,23.7,4.1,5.6,2011
2.0,2.0,MIN,Derrick Williams,Arizona,7,428,8864,3809,1693,293,.434,.300,.710,20.7,8.9,4.0,0.7,2011
3.0,3.0,UTA,Enes Freedom,,11,748,16101,8349,5822,638,.548,.289,.777,21.5,11.2,7.8,0.9,2011
4.0,4.0,CLE,Tristan Thompson,Texas,13,819,20432,6822,6428,800,.520,.238,.592,24.9,8.3,7.8,1.0,2011
5.0,5.0,TOR,Jonas Valančiūnas,,14,954,23771,12421,8800,1318,.560,.339,.794,24.9,13.0,9.2,1.4,2011
6.0,6.0,WAS,Jan Veselý,,3,162,2455,590,562,96,.521,.000,.408,15.2,3.6,3.5,0.6,2011
7.0,7.0,SAC,Bismack Biyombo,,15,873,16958,4397,5115,584,.537,.000,.551,19.4,5.0,5.9,0.7,2011
8.0,8.0,DET,Brandon Knight,Kentucky,9,451,13202,6301,1385,1777,.411,.352,.807,29.3,14.0,3.1,3.9,2011
9.0,9.0,CHA,Kemba Walker,UConn,12,750,24810,14486,2831,3938,.418,.360,.840,33.1,19.3,3.8,5.3,2011
10.0,10.0,MIL,Jimmer Fredette,BYU,6,241,3213,1438,243,331,.409,.372,.879,13.3,6.0,1.0,1.4,2011
11.0,11.0,GSW,Klay Thompson,Washington State,13,883,28198,16721,3084,2015,.449,.409,.861,31.9,18.9,3.5,2.3,2011
12.0,12.0,UTA,Alec Burks,Colorado,14,791,17576,8346,2642,1521,.415,.386,.805,22.2,10.6,3.3,1.9,2011
13.0,13.0,PHO,Markieff Morris,Kansas,14,791,18460,8076,3847,1221,.443,.341,.779,23.3,10.2,4.9,1.5,2011
14.0,14.0,HOU,Marcus Morris,Kansas,13,832,22093,9965,3690,1235,.435,.377,.774,26.6,12.0,4.4,1.5,2011
15.0,15.0,IND,Kawhi Leonard,San Diego State,14,741,23538,14918,4704,2262,.498,.392,.861,31.8,20.1,6.3,3.1,2011
16.0,16.0,PHI,Nikola Vučević,USC,15,988,30993,16986,10324,2867,.497,.350,.771,31.4,17.2,10.4,2.9,2011
17.0,17.0,NYK,Iman Shumpert,Georgia Tech,10,461,11470,3320,1534,845,.391,.337,.764,24.9,7.2,3.3,1.8,2011
18.0,18.0,WAS,Chris Singleton,Florida State,3,148,2605,612,472,92,.376,.319,.633,17.6,4.1,3.2,0.6,2011
19.0,19.0,CHA,Tobias Harris,Tennessee,15,979,30997,15727,6015,2319,.478,.366,.837,31.7,16.1,6.1,2.4,2011
20.0,20.0,MIN,Donatas Motiejūnas,,6,251,4566,1832,952,269,.469,.300,.597,18.2,7.3,3.8,1.1,2011
21.0,21.0,POR,Nolan Smith,Duke,2,84,829,277,83,97,.371,.260,.714,9.9,3.3,1.0,1.2,2011
22.0,22.0,DEN,Kenneth Faried,Morehead State University,8,478,11728,5430,3884,470,.546,.222,.654,24.5,11.4,8.1,1.0,2011
23.0,23.0,HOU,Nikola Mirotić,,5,319,7718,3910,1894,407,.423,.359,.808,24.2,12.3,5.9,1.3,2011
24.0,24.0,OKC,Reggie Jackson,Boston College,14,884,21859,10845,2463,3606,.423,.345,.854,24.7,12.3,2.8,4.1,2011
25.0,25.0,BOS,MarShon Brooks,Providence,5,200,3456,1592,424,282,.447,.345,.751,17.3,8.0,2.1,1.4,2011
26.0,26.0,DAL,Jordan Hamilton,Texas,5,151,2100,890,429,127,.408,.357,.670,13.9,5.9,2.8,0.8,2011
27.0,27.0,NJN,JaJuan Johnson,Purdue,1,36,298,114,58,6,.446,,.667,8.3,3.2,1.6,0.2,2011
28.0,28.0,CHI,Norris Cole,Cleveland State University,6,360,8018,2506,702,981,.407,.324,.743,22.3,7.0,2.0,2.7,2011
29.0,29.0,SAS,Cory Joseph,Texas,14,866,18296,5828,2094,2517,.440,.350,.786,21.1,6.7,2.4,2.9,2011
30.0,30.0,CHI,Jimmy Butler,Marquette,15,887,29354,16258,4748,3860,.473,.331,.844,33.1,18.3,5.4,4.4,2011
1.0,1.0,NOH,Anthony Davis,Kentucky,14,792,27264,19082,8467,2020,.522,.295,.794,34.4,24.1,10.7,2.6,2012
2.0,2.0,CHA,Michael Kidd-Gilchrist,Kentucky,8,446,10978,3750,2420,515,.474,.272,.715,24.6,8.4,5.4,1.2,2012
3.0,3.0,WAS,Bradley Beal,Florida,14,807,27681,17306,3251,3442,.464,.376,.821,34.3,21.4,4.0,4.3,2012
4.0,4.0,CLE,Dion Waiters,Syracuse,8,419,11835,5505,1108,1163,.412,.346,.694,28.2,13.1,2.6,2.8,2012
5.0,5.0,SAC,Thomas Robinson,Kansas,5,313,4204,1528,1507,190,.470,.000,.505,13.4,4.9,4.8,0.6,2012
6.0,6.0,POR,Damian Lillard,Weber State,13,900,32614,22598,3845,6069,.439,.371,.899,36.2,25.1,4.3,6.7,2012
7.0,7.0,GSW,Harrison Barnes,UNC,14,1010,31552,14027,4796,1774,.461,.386,.810,31.2,13.9,4.7,1.8,2012
8.0,8.0,TOR,Terrence Ross,Washington,11,733,17956,8047,2061,936,.418,.362,.837,24.5,11.0,2.8,1.3,2012
9.0,9.0,DET,Andre Drummond,UConn,14,920,24607,11425,11152,1118,.542,.167,.487,26.7,12.4,12.1,1.2,2012
10.0,10.0,NOH,Austin Rivers,Duke,11,707,16858,5996,1442,1513,.419,.349,.653,23.8,8.5,2.0,2.1,2012
11.0,11.0,POR,Meyers Leonard,Illinois,10,456,7272,2545,1771,396,.482,.390,.812,15.9,5.6,3.9,0.9,2012
12.0,12.0,HOU,Jeremy Lamb,UConn,10,573,11896,5805,2073,904,.439,.342,.857,20.8,10.1,3.6,1.6,2012
13.0,13.0,PHO,Kendall Marshall,UNC,4,160,3083,802,253,779,.399,.370,.611,19.3,5.0,1.6,4.9,2012
14.0,14.0,MIL,John Henson,UNC,8,445,8752,3383,2368,496,.540,.250,.568,19.7,7.6,5.3,1.1,2012
15.0,15.0,PHI,Maurice Harkless,St. John's,10,621,14019,4259,2198,572,.474,.320,.624,22.6,6.9,3.5,0.9,2012
16.0,16.0,HOU,Royce White,Iowa State,1,3,9,0,0,0,.000,,,3.0,0.0,0.0,0.0,2012
17.0,17.0,DAL,Tyler Zeller,UNC,8,414,7254,2873,1820,367,.508,.286,.764,17.5,6.9,4.4,0.9,2012
18.0,18.0,HOU,Terrence Jones,Kentucky,6,234,5562,2431,1334,238,.501,.297,.621,23.8,10.4,5.7,1.0,2012
19.0,19.0,ORL,Andrew Nicholson,St. Bonaventure,5,285,4080,1700,857,126,.467,.321,.773,14.3,6.0,3.0,0.4,2012
20.0,20.0,DEN,Evan Fournier,,12,704,19514,9607,1878,1759,.441,.374,.799,27.7,13.6,2.7,2.5,2012
21.0,21.0,BOS,Jared Sullinger,Ohio State,5,269,6532,2893,2006,477,.436,.272,.723,24.3,10.8,7.5,1.8,2012
22.0,22.0,BOS,Fab Melo,Syracuse,1,6,36,7,3,0,.500,,.250,6.0,1.2,0.5,0.0,2012
23.0,23.0,ATL,John Jenkins,Vanderbilt,6,171,2183,855,250,138,.441,.367,.847,12.8,5.0,1.5,0.8,2012
24.0,24.0,CLE,Jared Cunningham,Oregon State,4,84,605,197,56,39,.347,.306,.674,7.2,2.3,0.7,0.5,2012
25.0,25.0,MEM,Tony Wroten,Washington,4,145,3076,1604,363,437,.413,.231,.647,21.2,11.1,2.5,3.0,2012
26.0,26.0,IND,Miles Plumlee,Duke,7,346,5658,1697,1562,178,.542,,.543,16.4,4.9,4.5,0.5,2012
27.0,27.0,MIA,Arnett Moultrie,Mississippi State,2,59,729,210,180,12,.547,,.667,12.4,3.6,3.1,0.2,2012
28.0,28.0,OKC,Perry Jones,Baylor,3,143,1675,488,252,54,.420,.293,.660,11.7,3.4,1.8,0.4,2012
29.0,29.0,CHI,Marquis Teague,Kentucky,3,91,909,217,90,134,.343,.222,.661,10.0,2.4,1.0,1.5,2012
30.0,30.0,GSW,Festus Ezeli,Vanderbilt,3,170,2394,712,725,63,.513,,.557,14.1,4.2,4.3,0.4,2012
1.0,1.0,CLE,Anthony Bennett,UNLV,4,151,1905,658,472,77,.392,.261,.670,12.6,4.4,3.1,0.5,2013
2.0,2.0,ORL,Victor Oladipo,Indiana,10,504,16247,8503,2245,1970,.436,.347,.788,32.2,16.9,4.5,3.9,2013
3.0,3.0,WAS,Otto Porter Jr.,Georgetown,11,527,13400,5419,2599,783,.477,.397,.797,25.4,10.3,4.9,1.5,2013
4.0,4.0,CHA,Cody Zeller,Indiana,11,552,11510,4376,3125,740,.520,.220,.727,20.9,7.9,5.7,1.3,2013
5.0,5.0,PHO,Alex Len,Maryland,12,690,11754,4608,3624,589,.510,.322,.678,17.0,6.7,5.3,0.9,2013
6.0,6.0,NOH,Nerlens Noel,Kentucky,9,467,10281,3338,2835,501,.546,.200,.655,22.0,7.1,6.1,1.1,2013
7.0,7.0,SAC,Ben McLemore,Kansas,9,556,12534,5015,1269,563,.414,.363,.780,22.5,9.0,2.3,1.0,2013
8.0,8.0,DET,Kentavious Caldwell-Pope,Georgia,13,931,27465,10307,2751,1711,.427,.365,.823,29.5,11.1,3.0,1.8,2013
9.0,9.0,MIN,Trey Burke,Michigan,9,498,10401,4792,878,1522,.410,.345,.810,20.9,9.6,1.8,3.1,2013
10.0,10.0,POR,CJ McCollum,Lehigh,13,804,25768,15724,2924,3062,.452,.398,.799,32.0,19.6,3.6,3.8,2013
11.0,11.0,PHI,Michael Carter-Williams,Syracuse,9,395,9942,4040,1718,1708,.402,.256,.705,25.2,10.2,4.3,4.3,2013
12.0,12.0,OKC,Steven Adams,Pitt,12,778,20045,6827,6244,1166,.585,.059,.535,25.8,8.8,8.0,1.5,2013
13.0,13.0,DAL,Kelly Olynyk,Gonzaga,13,808,18095,8174,4147,1993,.485,.370,.796,22.4,10.1,5.1,2.5,2013
14.0,14.0,UTA,Shabazz Muhammad,UCLA,5,278,4772,2504,770,151,.473,.319,.751,17.2,9.0,2.8,0.5,2013
15.0,15.0,MIL,Giannis Antetokounmpo,,13,872,28648,20943,8671,4377,.552,.286,.692,32.9,24.0,9.9,5.0,2013
16.0,16.0,BOS,Lucas Nogueira,,4,141,1754,446,388,72,.632,.265,.640,12.4,3.2,2.8,0.5,2013
17.0,17.0,ATL,Dennis Schröder,,13,860,23549,11961,2500,4205,.431,.342,.835,27.4,13.9,2.9,4.9,2013
18.0,18.0,ATL,Shane Larkin,Miami (FL),4,256,4880,1399,490,737,.422,.336,.777,19.1,5.5,1.9,2.9,2013
19.0,19.0,CLE,Sergey Karasev,,3,95,1110,287,140,87,.395,.282,.842,11.7,3.0,1.5,0.9,2013
20.0,20.0,CHI,Tony Snell,New Mexico,9,601,13092,3672,1371,669,.431,.394,.846,21.8,6.1,2.3,1.1,2013
21.0,21.0,UTA,Gorgui Dieng,Louisville,10,628,12625,4591,3534,837,.496,.355,.791,20.1,7.3,5.6,1.3,2013
22.0,22.0,BRK,Mason Plumlee,Duke,13,868,18863,6930,5786,2054,.596,.039,.577,21.7,8.0,6.7,2.4,2013
23.0,23.0,IND,Solomon Hill,Arizona,9,448,9652,2453,1399,662,.388,.331,.797,21.5,5.5,3.1,1.5,2013
24.0,24.0,NYK,Tim Hardaway Jr.,Michigan,13,830,22666,11339,2370,1510,.417,.362,.816,27.3,13.7,2.9,1.8,2013
25.0,25.0,LAC,Reggie Bullock,UNC,11,556,12556,4039,1451,647,.424,.385,.827,22.6,7.3,2.6,1.2,2013
26.0,26.0,MIN,Andre Roberson,Colorado,7,307,6801,1382,1230,265,.473,.253,.468,22.2,4.5,4.0,0.9,2013
27.0,27.0,DEN,Rudy Gobert,,13,847,26013,10645,9886,1155,.657,.000,.639,30.7,12.6,11.7,1.4,2013
28.0,28.0,SAS,Livio Jean-Charles,,,,,,,,,,,,,,,2013
29.0,29.0,OKC,Archie Goodwin,Kentucky,4,165,2396,1040,331,206,.429,.236,.700,14.5,6.3,2.0,1.2,2013
30.0,30.0,PHO,Nemanja Nedović,,1,24,142,26,15,13,.205,.167,.875,5.9,1.1,0.6,0.5,2013
1.0,1.0,CLE,Andrew Wiggins,Kansas,12,782,26415,14431,3501,1800,.450,.356,.724,33.8,18.5,4.5,2.3,2014
2.0,2.0,MIL,Jabari Parker,Duke,8,310,8535,4380,1703,610,.494,.326,.743,27.5,14.1,5.5,2.0,2014
3.0,3.0,PHI,Joel Embiid,Kansas,10,458,14547,12641,5020,1678,.501,.339,.828,31.8,27.6,11.0,3.7,2014
4.0,4.0,ORL,Aaron Gordon,Arizona,12,733,21444,10001,4551,1956,.485,.334,.697,29.3,13.6,6.2,2.7,2014
5.0,5.0,UTA,Dante Exum,,8,320,6005,1991,623,728,.435,.343,.765,18.8,6.2,1.9,2.3,2014
6.0,6.0,BOS,Marcus Smart,Oklahoma State,12,649,19101,6865,2215,2936,.388,.322,.779,29.4,10.6,3.4,4.5,2014
7.0,7.0,LAL,Julius Randle,Kentucky,12,728,23340,13939,6626,2812,.472,.335,.755,32.1,19.1,9.1,3.9,2014
8.0,8.0,SAC,Nik Stauskas,Michigan,6,343,6701,2290,691,515,.389,.354,.812,19.5,6.7,2.0,1.5,2014
9.0,9.0,CHO,Noah Vonleh,Indiana,8,362,5854,1685,1790,264,.459,.307,.692,16.2,4.7,4.9,0.7,2014
10.0,10.0,PHI,Elfrid Payton,Louisiana,9,524,13894,5121,2086,3034,.444,.286,.623,26.5,9.8,4.0,5.8,2014
11.0,11.0,DEN,Doug McDermott,Creighton,12,698,13580,6004,1456,664,.471,.411,.804,19.5,8.6,2.1,1.0,2014
12.0,12.0,ORL,Dario Šarić,,9,496,11107,5118,2631,942,.443,.360,.838,22.4,10.3,5.3,1.9,2014
13.0,13.0,MIN,Zach LaVine,UCLA,12,671,22029,13931,2720,2632,.470,.390,.834,32.8,20.8,4.1,3.9,2014
14.0,14.0,PHO,T.J. Warren,NC State,9,385,10365,5497,1515,446,.505,.351,.780,26.9,14.3,3.9,1.2,2014
15.0,15.0,ATL,Adreian Payne,Michigan State,4,107,1403,429,315,66,.406,.254,.680,13.1,4.0,2.9,0.6,2014
16.0,16.0,CHI,Jusuf Nurkić,,12,607,14767,7119,5382,1528,.500,.280,.665,24.3,11.7,8.9,2.5,2014
17.0,17.0,BOS,James Young,Kentucky,4,95,812,219,96,28,.367,.277,.563,8.5,2.3,1.0,0.3,2014
18.0,18.0,PHO,Tyler Ennis,Syracuse,4,186,2336,779,250,359,.419,.317,.768,12.6,4.2,1.3,1.9,2014
19.0,19.0,CHI,Gary Harris,Michigan State,12,630,16809,6469,1428,1154,.446,.370,.810,26.7,10.3,2.3,1.8,2014
20.0,20.0,TOR,Bruno Caboclo,,7,105,1293,442,268,72,.403,.308,.836,12.3,4.2,2.6,0.7,2014
21.0,21.0,OKC,Mitch McGary,Michigan,2,52,557,227,183,17,.527,.000,.580,10.7,4.4,3.5,0.3,2014
22.0,22.0,MEM,Jordan Adams,UCLA,2,32,263,101,30,19,.402,.385,.607,8.2,3.2,0.9,0.6,2014
23.0,23.0,UTA,Rodney Hood,Duke,8,448,10977,4656,1160,736,.420,.366,.841,24.5,10.4,2.6,1.6,2014
24.0,24.0,CHO,Shabazz Napier,UConn,6,345,5986,2433,657,849,.397,.345,.815,17.4,7.1,1.9,2.5,2014
25.0,25.0,HOU,Clint Capela,,12,679,17560,8006,7056,682,.616,.000,.546,25.9,11.8,10.4,1.0,2014
26.0,26.0,MIA,P.J. Hairston,UNC,2,111,2000,664,266,59,.343,.295,.810,18.0,6.0,2.4,0.5,2014
27.0,27.0,PHO,Bogdan Bogdanović,,9,512,14529,7256,1710,1646,.436,.382,.846,28.4,14.2,3.3,3.2,2014
28.0,28.0,LAC,C.J. Wilcox,Washington,3,66,376,132,31,30,.370,.333,.813,5.7,2.0,0.5,0.5,2014
29.0,29.0,OKC,Josh Huestis,Stanford,3,76,1068,187,180,23,.346,.312,.240,14.1,2.5,2.4,0.3,2014
30.0,30.0,SAS,Kyle Anderson,UCLA,12,719,15417,4914,3083,1998,.479,.340,.715,21.4,6.8,4.3,2.8,2014
1.0,1.0,MIN,Karl-Anthony Towns,Kentucky,11,662,22539,15261,7345,2094,.522,.398,.839,34.0,23.1,11.1,3.2,2015
2.0,2.0,LAL,D'Angelo Russell,Ohio State,11,646,19109,11070,2164,3668,.426,.363,.793,29.6,17.1,3.3,5.7,2015
3.0,3.0,PHI,Jahlil Okafor,Duke,7,248,4830,2566,1170,226,.542,.222,.676,19.5,10.3,4.7,0.9,2015
4.0,4.0,NYK,Kristaps Porziņģis,,10,513,15722,10063,3959,952,.462,.365,.830,30.6,19.6,7.7,1.9,2015
5.0,5.0,ORL,Mario Hezonja,,5,330,6107,2284,1026,415,.417,.319,.812,18.5,6.9,3.1,1.3,2015
6.0,6.0,SAC,Willie Cauley-Stein,Kentucky,7,422,9276,3675,2470,598,.544,.188,.612,22.0,8.7,5.9,1.4,2015
7.0,7.0,DEN,Emmanuel Mudiay,,6,302,7187,3299,884,1143,.401,.323,.744,23.8,10.9,2.9,3.8,2015
8.0,8.0,DET,Stanley Johnson,Arizona,8,449,8879,2806,1404,679,.391,.305,.748,19.8,6.2,3.1,1.5,2015
9.0,9.0,CHO,Frank Kaminsky,Wisconsin,8,413,8160,3630,1579,651,.430,.349,.746,19.8,8.8,3.8,1.6,2015
10.0,10.0,MIA,Justise Winslow,Duke,8,344,8906,2829,1760,889,.412,.315,.638,25.9,8.2,5.1,2.6,2015
11.0,11.0,IND,Myles Turner,Texas,11,661,19026,9278,4476,847,.498,.364,.770,28.8,14.0,6.8,1.3,2015
12.0,12.0,UTA,Trey Lyles,Kentucky,10,650,11970,4935,2826,697,.441,.347,.741,18.4,7.6,4.3,1.1,2015
13.0,13.0,PHO,Devin Booker,Kentucky,11,692,23828,16946,2799,3653,.464,.353,.873,34.4,24.5,4.0,5.3,2015
14.0,14.0,OKC,Cameron Payne,Murray State,10,477,8356,3703,951,1527,.419,.368,.836,17.5,7.8,2.0,3.2,2015
15.0,15.0,ATL,Kelly Oubre Jr.,Kansas,11,667,18160,8897,3093,763,.439,.325,.752,27.2,13.3,4.6,1.1,2015
16.0,16.0,BOS,Terry Rozier,Louisville,10,665,18357,9252,2610,2337,.418,.361,.829,27.6,13.9,3.9,3.5,2015
17.0,17.0,MIL,Rashad Vaughn,UNLV,3,139,1671,423,158,75,.337,.313,.692,12.0,3.0,1.1,0.5,2015
18.0,18.0,HOU,Sam Dekker,Wisconsin,5,201,3097,1094,607,160,.478,.288,.606,15.4,5.4,3.0,0.8,2015
19.0,19.0,WAS,Jerian Grant,Notre Dame,5,279,4998,1692,529,805,.411,.323,.770,17.9,6.1,1.9,2.9,2015
20.0,20.0,TOR,Delon Wright,Utah,10,548,11175,3656,1650,1636,.447,.348,.799,20.4,6.7,3.0,3.0,2015
21.0,21.0,DAL,Justin Anderson,Virginia,6,242,3280,1284,621,184,.410,.292,.775,13.6,5.3,2.6,0.8,2015
22.0,22.0,CHI,Bobby Portis,Arkansas,11,673,15320,8032,4793,873,.478,.386,.764,22.8,11.9,7.1,1.3,2015
23.0,23.0,POR,Rondae Hollis-Jefferson,Arizona,6,305,6759,2760,1684,579,.449,.212,.735,22.2,9.0,5.5,1.9,2015
24.0,24.0,CLE,Tyus Jones,Duke,11,701,14679,5290,1391,3057,.444,.375,.822,20.9,7.5,2.0,4.4,2015
25.0,25.0,MEM,Jarell Martin,LSU,4,184,2927,998,639,114,.434,.346,.766,15.9,5.4,3.5,0.6,2015
26.0,26.0,SAS,Nikola Milutinov,,,,,,,,,,,,,,,2015
27.0,27.0,LAL,Larry Nance Jr.,Wyoming,11,561,12817,4261,3383,1036,.535,.352,.695,22.8,7.6,6.0,1.8,2015
28.0,28.0,BOS,R.J. Hunter,Georgia State University,4,45,395,133,46,19,.371,.295,.818,8.8,3.0,1.0,0.4,2015
29.0,29.0,BRK,Chris McCullough,Syracuse,3,59,532,194,112,15,.426,.306,.548,9.0,3.3,1.9,0.3,2015
30.0,30.0,GSW,Kevon Looney,UCLA,11,608,10427,2999,3427,969,.572,.181,.608,17.1,4.9,5.6,1.6,2015
1.0,1.0,PHI,Ben Simmons,LSU,7,383,11910,5021,2840,2754,.558,.139,.592,31.1,13.1,7.4,7.2,2016
2.0,2.0,LAL,Brandon Ingram,Duke,10,514,16956,10071,2679,2200,.469,.361,.790,33.0,19.6,5.2,4.3,2016
3.0,3.0,BOS,Jaylen Brown,California,10,621,19050,11943,3313,1667,.479,.359,.728,30.7,19.2,5.3,2.7,2016
4.0,4.0,PHO,Dragan Bender,,4,187,3755,1014,720,237,.399,.323,.654,20.1,5.4,3.9,1.3,2016
5.0,5.0,MIN,Kris Dunn,Providence,10,425,9963,3255,1399,1665,.439,.330,.737,23.4,7.7,3.3,3.9,2016
6.0,6.0,NOP,Buddy Hield,Oklahoma,10,734,20532,10876,2975,1806,.432,.396,.858,28.0,14.8,4.1,2.5,2016
7.0,7.0,DEN,Jamal Murray,Kentucky,9,552,17358,9994,2092,2617,.456,.382,.871,31.4,18.1,3.8,4.7,2016
8.0,8.0,SAC,Marquese Chriss,Washington,6,292,5338,2206,1366,298,.456,.290,.667,18.3,7.6,4.7,1.0,2016
9.0,9.0,TOR,Jakob Poeltl,Utah,10,609,13684,5461,4267,1109,.633,.429,.556,22.5,9.0,7.0,1.8,2016
10.0,10.0,MIL,Thon Maker,,5,263,3624,1216,726,161,.435,.327,.680,13.8,4.6,2.8,0.6,2016
11.0,11.0,ORL,Domantas Sabonis,Gonzaga,10,657,20264,10590,7015,3203,.559,.344,.729,30.8,16.1,10.7,4.9,2016
12.0,12.0,UTA,Taurean Prince,Baylor,10,590,14571,5794,2104,1013,.428,.384,.812,24.7,9.8,3.6,1.7,2016
13.0,13.0,PHO,Georgios Papagiannis,,2,39,477,160,123,29,.514,.000,.857,12.2,4.1,3.2,0.7,2016
14.0,14.0,CHI,Denzel Valentine,Michigan State,5,256,4817,1795,857,466,.394,.360,.787,18.8,7.0,3.3,1.8,2016
15.0,15.0,DEN,Juancho Hernangómez,,7,339,5269,1711,1131,216,.428,.342,.676,15.5,5.0,3.3,0.6,2016
16.0,16.0,BOS,Guerschon Yabusele,,4,160,2551,982,537,186,.480,.360,.707,15.9,6.1,3.4,1.2,2016
17.0,17.0,MEM,Wade Baldwin,Vanderbilt,3,56,579,174,69,78,.355,.250,.776,10.3,3.1,1.2,1.4,2016
18.0,18.0,DET,Henry Ellenson,Marquette,5,83,787,342,206,49,.371,.336,.773,9.5,4.1,2.5,0.6,2016
19.0,19.0,DEN,Malik Beasley,Florida State,9,578,13739,6738,1612,789,.426,.391,.769,23.8,11.7,2.8,1.4,2016
20.0,20.0,IND,Caris LeVert,Michigan,10,537,14809,7402,2002,2147,.438,.347,.734,27.6,13.8,3.7,4.0,2016
21.0,21.0,ATL,DeAndre' Bembry,Saint Joseph's,6,296,5670,1750,950,533,.474,.283,.611,19.2,5.9,3.2,1.8,2016
22.0,22.0,CHO,Malachi Richardson,Syracuse,3,70,625,198,70,24,.358,.301,.783,8.9,2.8,1.0,0.3,2016
23.0,23.0,BOS,Ante Žižić,,3,113,1517,674,446,64,.581,,.711,13.4,6.0,3.9,0.6,2016
24.0,24.0,PHI,Timothé Luwawu-Cabarrot,,6,328,5254,1937,656,293,.391,.335,.829,16.0,5.9,2.0,0.9,2016
25.0,25.0,LAC,Brice Johnson,UNC,2,21,107,47,34,3,.449,.000,.600,5.1,2.2,1.6,0.1,2016
26.0,26.0,PHI,Furkan Korkmaz,,7,328,5447,2244,646,391,.406,.356,.761,16.6,6.8,2.0,1.2,2016
27.0,27.0,TOR,Pascal Siakam,New Mexico State,10,646,20230,11732,4300,2339,.498,.340,.758,31.3,18.2,6.7,3.6,2016
28.0,28.0,PHO,Skal Labissière,Kentucky,5,152,2607,1074,665,153,.492,.360,.748,17.2,7.1,4.4,1.0,2016
29.0,29.0,SAS,Dejounte Murray,Washington,8,503,14745,7803,2925,2718,.453,.340,.790,29.3,15.5,5.8,5.4,2016
30.0,30.0,GSW,Damian Jones,Vanderbilt,8,279,3782,1366,869,193,.656,.351,.715,13.6,4.9,3.1,0.7,2016
1.0,1.0,PHI,Markelle Fultz,Washington,8,255,6123,2656,817,1111,.470,.280,.732,24.0,10.4,3.2,4.4,2017
2.0,2.0,LAL,Lonzo Ball,UCLA,7,302,9324,3353,1630,1756,.395,.359,.601,30.9,11.1,5.4,5.8,2017
3.0,3.0,BOS,Jayson Tatum,Duke,8,585,20185,13784,4293,2243,.459,.370,.840,34.5,23.6,7.3,3.8,2017
4.0,4.0,PHO,Josh Jackson,Kansas,5,291,6718,3276,1159,534,.416,.292,.680,23.1,11.3,4.0,1.8,2017
5.0,5.0,SAC,De'Aaron Fox,Kentucky,9,540,17962,11624,2117,3319,.470,.331,.748,33.3,21.5,3.9,6.1,2017
6.0,6.0,ORL,Jonathan Isaac,Florida State,7,293,5810,2146,1413,224,.443,.320,.747,19.8,7.3,4.8,0.8,2017
7.0,7.0,MIN,Lauri Markkanen,Arizona,9,467,14563,8685,3305,695,.456,.372,.869,31.2,18.6,7.1,1.5,2017
8.0,8.0,NYK,Frank Ntilikina,,7,321,5454,1535,563,693,.369,.320,.762,17.0,4.8,1.8,2.2,2017
9.0,9.0,DAL,Dennis Smith Jr.,NC State,7,326,7601,3160,967,1381,.407,.298,.674,23.3,9.7,3.0,4.2,2017
10.0,10.0,SAC,Zach Collins,Gonzaga,7,378,7137,3013,1827,685,.482,.331,.767,18.9,8.0,4.8,1.8,2017
11.0,11.0,CHO,Malik Monk,Kentucky,9,539,12326,6655,1404,1690,.434,.352,.849,22.9,12.3,2.6,3.1,2017
12.0,12.0,DET,Luke Kennard,Duke,9,476,11106,4647,1332,1081,.458,.438,.883,23.3,9.8,2.8,2.3,2017
13.0,13.0,DEN,Donovan Mitchell,Louisville,9,556,18821,13829,2405,2623,.451,.367,.840,33.9,24.9,4.3,4.7,2017
14.0,14.0,MIA,Bam Adebayo,Kentucky,9,580,17746,9172,5133,2079,.534,.318,.758,30.6,15.8,8.9,3.6,2017
15.0,15.0,POR,Justin Jackson,UNC,7,280,4886,1676,654,285,.423,.319,.796,17.5,6.0,2.3,1.0,2017
16.0,16.0,CHI,Justin Patton,Creighton,4,22,296,86,60,19,.404,.250,.667,13.5,3.9,2.7,0.9,2017
17.0,17.0,MIL,D.J. Wilson,Michigan,6,148,1818,657,454,110,.422,.331,.618,12.3,4.4,3.1,0.7,2017
18.0,18.0,IND,T.J. Leaf,UCLA,4,146,1238,477,283,43,.492,.341,.585,8.5,3.3,1.9,0.3,2017
19.0,19.0,ATL,John Collins,Wake Forest,9,490,14208,7762,3891,707,.544,.363,.792,29.0,15.8,7.9,1.4,2017
20.0,20.0,POR,Harry Giles,Duke,4,165,1935,888,573,180,.508,.244,.661,11.7,5.4,3.5,1.1,2017
21.0,21.0,OKC,Terrance Ferguson,,4,204,4000,924,263,144,.404,.334,.753,19.6,4.5,1.3,0.7,2017
22.0,22.0,BRK,Jarrett Allen,Texas,9,582,16385,7495,5345,974,.639,.158,.713,28.2,12.9,9.2,1.7,2017
23.0,23.0,TOR,OG Anunoby,Indiana,9,504,15227,6523,2211,857,.474,.376,.761,30.2,12.9,4.4,1.7,2017
24.0,24.0,UTA,Tyler Lydon,Syracuse,2,26,96,23,18,6,.500,.400,.333,3.7,0.9,0.7,0.2,2017
25.0,25.0,ORL,Anžejs Pasečņiks,,2,28,443,156,108,19,.521,.000,.586,15.8,5.6,3.9,0.7,2017
26.0,26.0,POR,Caleb Swanigan,Purdue,3,75,655,169,218,56,.438,.118,.614,8.7,2.3,2.9,0.7,2017
27.0,27.0,BRK,Kyle Kuzma,Utah,9,559,17328,9449,3499,1482,.451,.333,.723,31.0,16.9,6.3,2.7,2017
28.0,28.0,LAL,Tony Bradley,UNC,8,210,2326,936,820,108,.627,.438,.673,11.1,4.5,3.9,0.5,2017
29.0,29.0,SAS,Derrick White,Colorado,9,512,14675,6687,1883,2157,.444,.366,.852,28.7,13.1,3.7,4.2,2017
30.0,30.0,UTA,Josh Hart,Villanova,9,546,16565,5640,3819,1765,.471,.343,.753,30.3,10.3,7.0,3.2,2017
1.0,1.0,PHO,Deandre Ayton,Arizona,8,413,12710,6775,4293,662,.593,.230,.751,30.8,16.4,10.4,1.6,2018
2.0,2.0,SAC,Marvin Bagley III,Duke,8,303,6695,3586,1951,272,.521,.293,.690,22.1,11.8,6.4,0.9,2018
3.0,3.0,ATL,Luka Dončić,,8,463,16196,13335,3995,3820,.468,.349,.753,35.0,28.8,8.6,8.3,2018
4.0,4.0,MEM,Jaren Jackson Jr.,Michigan State,8,424,12138,7829,2348,630,.466,.351,.793,28.6,18.5,5.5,1.5,2018
5.0,5.0,DAL,Trae Young,Oklahoma,8,488,16761,12309,1697,4787,.432,.351,.873,34.3,25.2,3.5,9.8,2018
6.0,6.0,ORL,Mo Bamba,Texas,7,364,6115,2461,1980,306,.477,.356,.682,16.8,6.8,5.4,0.8,2018
7.0,7.0,CHI,Wendell Carter Jr.,Duke,8,401,10976,4786,3307,800,.510,.323,.733,27.4,11.9,8.2,2.0,2018
8.0,8.0,CLE,Collin Sexton,Alabama,8,424,12600,7926,1179,1582,.471,.386,.839,29.7,18.7,2.8,3.7,2018
9.0,9.0,NYK,Kevin Knox,Kentucky,7,320,5606,2322,893,233,.393,.340,.723,17.5,7.3,2.8,0.7,2018
10.0,10.0,PHI,Mikal Bridges,Villanova,8,573,19113,8482,2285,1595,.485,.373,.841,33.4,14.8,4.0,2.8,2018
11.0,11.0,CHO,Shai Gilgeous-Alexander,Kentucky,8,481,15923,11914,2305,2487,.503,.358,.863,33.1,24.8,4.8,5.2,2018
12.0,12.0,LAC,Miles Bridges,Michigan State,7,442,13698,7033,2742,1200,.459,.340,.829,31.0,15.9,6.2,2.7,2018
13.0,13.0,LAC,Jerome Robinson,Boston College,4,135,1685,545,214,136,.361,.297,.711,12.5,4.0,1.6,1.0,2018
14.0,14.0,DEN,Michael Porter Jr.,Missouri,7,361,10557,5985,2327,533,.499,.404,.799,29.2,16.6,6.4,1.5,2018
15.0,15.0,WAS,Troy Brown Jr.,Oregon,6,356,6778,2196,1288,508,.423,.351,.783,19.0,6.2,3.6,1.4,2018
16.0,16.0,PHO,Zhaire Smith,Texas Tech,2,13,143,48,15,12,.378,.316,.667,11.0,3.7,1.2,0.9,2018
17.0,17.0,MIL,Donte DiVincenzo,Villanova,8,434,11171,4715,1854,1259,.426,.380,.779,25.7,10.9,4.3,2.9,2018
18.0,18.0,SAS,Lonnie Walker IV,Miami (FL),7,342,7025,3418,791,518,.422,.356,.795,20.5,10.0,2.3,1.5,2018
19.0,19.0,ATL,Kevin Huerter,Maryland,8,498,13961,5802,1695,1455,.443,.373,.765,28.0,11.7,3.4,2.9,2018
20.0,20.0,MIN,Josh Okogie,Georgia Tech,8,432,8296,2755,1269,498,.408,.304,.746,19.2,6.4,2.9,1.2,2018
21.0,21.0,UTA,Grayson Allen,Duke,8,416,10644,4490,1256,868,.452,.416,.854,25.6,10.8,3.0,2.1,2018
22.0,22.0,CHI,Chandler Hutchison,Boise State,4,103,1790,558,376,79,.442,.309,.643,17.4,5.4,3.7,0.8,2018
23.0,23.0,IND,Aaron Holiday,UCLA,8,459,7514,2985,717,912,.421,.384,.853,16.4,6.5,1.6,2.0,2018
24.0,24.0,POR,Anfernee Simons,,8,407,10855,6087,1015,1313,.431,.382,.879,26.7,15.0,2.5,3.2,2018
25.0,25.0,LAL,Moritz Wagner,Michigan,7,363,6051,3328,1436,439,.525,.324,.807,16.7,9.2,4.0,1.2,2018
26.0,26.0,PHI,Landry Shamet,Wichita State,8,413,8703,3452,692,615,.414,.386,.830,21.1,8.4,1.7,1.5,2018
27.0,27.0,BOS,Robert Williams,Texas A&M,8,247,4918,1754,1657,334,.720,.154,.669,19.9,7.1,6.7,1.4,2018
28.0,28.0,GSW,Jacob Evans,Cincinnati,2,59,622,168,66,54,.337,.315,.833,10.5,2.8,1.1,0.9,2018
29.0,29.0,BRK,Džanan Musa,,2,49,526,211,91,45,.376,.227,.726,10.7,4.3,1.9,0.9,2018
30.0,30.0,ATL,Omari Spellman,Villanova,2,95,1691,642,413,94,.417,.366,.766,17.8,6.8,4.3,1.0,2018
1.0,1.0,NOP,Zion Williamson,Duke,6,223,6992,5475,1464,956,.586,.323,.690,31.4,24.6,6.6,4.3,2019
2.0,2.0,MEM,Ja Morant,Murray State,7,319,10146,7157,1490,2358,.465,.310,.772,31.8,22.4,4.7,7.4,2019
3.0,3.0,NYK,RJ Barrett,Duke,7,404,13340,7622,2232,1340,.443,.347,.699,33.0,18.9,5.5,3.3,2019
4.0,4.0,LAL,De'Andre Hunter,Virginia,7,342,10254,5110,1408,539,.452,.371,.821,30.0,14.9,4.1,1.6,2019
5.0,5.0,CLE,Darius Garland,Vanderbilt,7,387,12822,7271,1027,2588,.452,.388,.869,33.1,18.8,2.7,6.7,2019
6.0,6.0,PHO,Jarrett Culver,Texas Tech,4,144,2480,934,402,173,.401,.276,.509,17.2,6.5,2.8,1.2,2019
7.0,7.0,CHI,Coby White,UNC,7,426,12690,6501,1552,1645,.433,.369,.864,29.8,15.3,3.6,3.9,2019
8.0,8.0,ATL,Jaxson Hayes,Texas,7,381,6270,2571,1500,276,.651,.267,.697,16.5,6.7,3.9,0.7,2019
9.0,9.0,WAS,Rui Hachimura,Gonzaga,7,353,9880,4556,1700,456,.499,.387,.763,28.0,12.9,4.8,1.3,2019
10.0,10.0,ATL,Cam Reddish,Duke,6,254,5876,2151,678,297,.398,.322,.821,23.1,8.5,2.7,1.2,2019
11.0,11.0,MIN,Cameron Johnson,UNC,7,356,9465,4554,1394,698,.453,.391,.850,26.6,12.8,3.9,2.0,2019
12.0,12.0,CHO,P.J. Washington,Kentucky,7,408,12484,5403,2422,920,.447,.356,.706,30.6,13.2,5.9,2.3,2019
13.0,13.0,MIA,Tyler Herro,Kentucky,7,363,11825,7040,1814,1467,.449,.382,.875,32.6,19.4,5.0,4.0,2019
14.0,14.0,BOS,Romeo Langford,Indiana,4,141,2268,650,298,97,.430,.288,.659,16.1,4.6,2.1,0.7,2019
15.0,15.0,DET,Sekou Doumbouya,,3,96,1639,542,267,66,.388,.256,.693,17.1,5.6,2.8,0.7,2019
16.0,16.0,ORL,Chuma Okeke,Auburn,5,198,4028,1242,751,291,.387,.321,.787,20.3,6.3,3.8,1.5,2019
17.0,17.0,BRK,Nickeil Alexander-Walker,Virginia Tech,7,398,8484,3575,1001,944,.417,.360,.756,21.3,9.0,2.5,2.4,2019
18.0,18.0,IND,Goga Bitadze,,7,337,4909,1847,1414,397,.548,.232,.669,14.6,5.5,4.2,1.2,2019
19.0,19.0,SAS,Luka Šamanić,,4,86,921,384,210,55,.411,.247,.706,10.7,4.5,2.4,0.6,2019
20.0,20.0,BOS,Matisse Thybulle,Washington,7,351,7318,1718,714,391,.439,.345,.669,20.8,4.9,2.0,1.1,2019
21.0,21.0,OKC,Brandon Clarke,Gonzaga,6,307,6392,3136,1683,409,.606,.266,.698,20.8,10.2,5.5,1.3,2019
22.0,22.0,BOS,Grant Williams,Tennessee,6,380,8710,2724,1393,552,.452,.377,.774,22.9,7.2,3.7,1.5,2019
23.0,23.0,UTA,Darius Bazley,,5,237,5536,2113,1244,282,.414,.309,.677,23.4,8.9,5.2,1.2,2019
24.0,24.0,PHI,Ty Jerome,Virginia,6,229,4141,1986,467,648,.458,.381,.850,18.1,8.7,2.0,2.8,2019
25.0,25.0,POR,Nassir Little,UNC,5,237,3735,1313,688,170,.452,.330,.735,15.8,5.5,2.9,0.7,2019
26.0,26.0,CLE,Dylan Windler,Belmont,4,101,1090,319,212,78,.425,.347,.800,10.8,3.2,2.1,0.8,2019
27.0,27.0,BRK,Mfiondu Kabengele,Florida State,3,55,380,143,81,19,.383,.301,.852,6.9,2.6,1.5,0.3,2019
28.0,28.0,GSW,Jordan Poole,Michigan,7,419,11562,7063,1122,1576,.421,.345,.881,27.6,16.9,2.7,3.8,2019
29.0,29.0,SAS,Keldon Johnson,Kentucky,7,387,11011,5973,2102,827,.471,.350,.763,28.5,15.4,5.4,2.1,2019
30.0,30.0,MIL,Kevin Porter Jr.,USC,6,272,7419,3789,1120,1245,.435,.352,.735,27.3,13.9,4.1,4.6,2019
1.0,1.0,MIN,Anthony Edwards,Georgia,6,395,13723,9489,2084,1651,.448,.365,.804,34.7,24.0,5.3,4.2,2020
2.0,2.0,GSW,James Wiseman,Memphis,5,149,2819,1354,834,110,.560,.262,.683,18.9,9.1,5.6,0.7,2020
3.0,3.0,CHO,LaMelo Ball,,6,242,7709,5082,1451,1807,.420,.361,.839,31.9,21.0,6.0,7.5,2020
4.0,4.0,CHI,Patrick Williams,Florida State,6,292,7821,2759,1173,429,.450,.392,.763,26.8,9.4,4.0,1.5,2020
5.0,5.0,CLE,Isaac Okoro,Auburn,6,349,9119,2831,970,560,.466,.353,.731,26.1,8.1,2.8,1.6,2020
6.0,6.0,ATL,Onyeka Okongwu,USC,6,325,7435,3256,2186,440,.605,.347,.757,22.9,10.0,6.7,1.4,2020
7.0,7.0,DET,Killian Hayes,,5,216,5641,1758,637,1121,.383,.281,.777,26.1,8.1,2.9,5.2,2020
8.0,8.0,NYK,Obi Toppin,Dayton,6,365,6320,3116,1251,433,.521,.353,.776,17.3,8.5,3.4,1.2,2020
9.0,9.0,WAS,Deni Avdija,,6,378,10323,4530,2358,1113,.464,.342,.760,27.3,12.0,6.2,2.9,2020
10.0,10.0,PHO,Jalen Smith,Maryland,6,288,4658,2464,1532,244,.503,.337,.753,16.2,8.6,5.3,0.8,2020
11.0,11.0,SAS,Devin Vassell,Florida State,6,320,8969,4525,1208,829,.443,.369,.807,28.0,14.1,3.8,2.6,2020
12.0,12.0,SAC,Tyrese Haliburton,Iowa State,5,333,10998,5842,1218,2947,.477,.392,.855,33.0,17.5,3.7,8.8,2020
13.0,13.0,NOP,Kira Lewis Jr.,Alabama,4,131,1745,687,169,233,.397,.294,.848,13.3,5.2,1.3,1.8,2020
14.0,14.0,BOS,Aaron Nesmith,Vanderbilt,6,299,6511,2740,995,322,.456,.384,.825,21.8,9.2,3.3,1.1,2020
15.0,15.0,ORL,Cole Anthony,UNC,6,338,8273,4165,1431,1310,.418,.341,.843,24.5,12.3,4.2,3.9,2020
16.0,16.0,POR,Isaiah Stewart,Washington,6,322,7882,2786,2271,427,.507,.349,.731,24.5,8.7,7.1,1.3,2020
17.0,17.0,MIN,Aleksej Pokusevski,,4,168,3429,1253,778,327,.391,.304,.702,20.4,7.5,4.6,1.9,2020
18.0,18.0,DAL,Josh Green,Arizona,5,291,6415,1941,777,448,.482,.380,.687,22.0,6.7,2.7,1.5,2020
19.0,19.0,BRK,Saddiq Bey,Villanova,5,310,9300,4326,1633,577,.409,.353,.834,30.0,14.0,5.3,1.9,2020
20.0,20.0,MIA,Precious Achiuwa,Memphis,6,332,6646,2509,1873,326,.488,.299,.604,20.0,7.6,5.6,1.0,2020
21.0,21.0,PHI,Tyrese Maxey,Kentucky,6,335,10866,6750,1027,1531,.462,.383,.867,32.4,20.1,3.1,4.6,2020
22.0,22.0,DEN,Zeke Nnaji,Arizona,6,259,3069,1072,578,102,.508,.361,.656,11.8,4.1,2.2,0.4,2020
23.0,23.0,NYK,Leandro Bolmaro,,2,49,309,56,50,28,.270,.227,.846,6.3,1.1,1.0,0.6,2020
24.0,24.0,MIL,R.J. Hampton,,4,170,3116,1155,466,307,.408,.338,.679,18.3,6.8,2.7,1.8,2020
25.0,25.0,OKC,Immanuel Quickley,Kentucky,6,343,8897,4836,1188,1318,.423,.374,.853,25.9,14.1,3.5,3.8,2020
26.0,26.0,BOS,Payton Pritchard,Oregon,6,365,7593,3452,1030,972,.453,.395,.852,20.8,9.5,2.8,2.7,2020
27.0,27.0,UTA,Udoka Azubuike,Kansas,4,84,724,256,235,14,.758,,.444,8.6,3.0,2.8,0.2,2020
28.0,28.0,LAL,Jaden McDaniels,Washington,6,383,10993,4058,1609,602,.485,.354,.761,28.7,10.6,4.2,1.6,2020
29.0,29.0,TOR,Malachi Flynn,San Diego State,5,217,3076,1184,376,414,.387,.333,.747,14.2,5.5,1.7,1.9,2020
30.0,30.0,BOS,Desmond Bane,TCU,6,332,9889,5909,1520,1267,.470,.407,.886,29.8,17.8,4.6,3.8,2020
1.0,1.0,DET,Cade Cunningham,Oklahoma State,5,223,7559,5010,1213,1670,.446,.336,.850,33.9,22.5,5.4,7.5,2021
2.0,2.0,HOU,Jalen Green,,5,309,10068,6204,1314,1034,.422,.342,.798,32.6,20.1,4.3,3.3,2021
3.0,3.0,CLE,Evan Mobley,USC,5,287,9360,4748,2564,854,.544,.321,.684,32.6,16.5,8.9,3.0,2021
4.0,4.0,TOR,Scottie Barnes,Florida State,5,295,10153,5126,2215,1463,.469,.306,.768,34.4,17.4,7.5,5.0,2021
5.0,5.0,ORL,Jalen Suggs,Gonzaga,5,225,5906,2789,757,769,.424,.331,.788,26.2,12.4,3.4,3.4,2021
6.0,6.0,OKC,Josh Giddey,,5,295,8706,4249,2248,1845,.464,.333,.763,29.5,14.4,7.6,6.3,2021
7.0,7.0,GSW,Jonathan Kuminga,,5,271,6032,3404,1123,493,.506,.332,.700,22.3,12.6,4.1,1.8,2021
8.0,8.0,ORL,Franz Wagner,Michigan,5,310,10054,5987,1529,1142,.474,.324,.852,32.4,19.3,4.9,3.7,2021
9.0,9.0,SAC,Davion Mitchell,Baylor,5,320,7221,2465,589,1136,.447,.346,.688,22.6,7.7,1.8,3.6,2021
10.0,10.0,NOP,Ziaire Williams,Stanford,5,227,4809,1892,711,267,.418,.315,.816,21.2,8.3,3.1,1.2,2021
11.0,11.0,CHO,James Bouknight,UConn,3,79,900,383,133,73,.363,.335,.762,11.4,4.8,1.7,0.9,2021
12.0,12.0,SAS,Joshua Primo,Alabama,3,56,1068,318,127,99,.371,.300,.750,19.1,5.7,2.3,1.8,2021
13.0,13.0,IND,Chris Duarte,Oregon,4,177,3231,1348,467,231,.406,.349,.813,18.3,7.6,2.6,1.3,2021
14.0,14.0,GSW,Moses Moody,Arkansas,5,273,4697,2007,631,254,.445,.371,.784,17.2,7.4,2.3,0.9,2021
15.0,15.0,WAS,Corey Kispert,Gonzaga,5,309,7901,3381,864,460,.476,.383,.800,25.6,10.9,2.8,1.5,2021
16.0,16.0,OKC,Alperen Şengün,,5,302,8686,4935,2597,1273,.515,.287,.703,28.8,16.3,8.6,4.2,2021
17.0,17.0,MEM,Trey Murphy III,Virginia,5,270,7531,3823,1093,523,.455,.382,.880,27.9,14.2,4.0,1.9,2021
18.0,18.0,OKC,Tre Mann,Florida,5,197,4201,1867,561,462,.406,.346,.796,21.3,9.5,2.8,2.3,2021
19.0,19.0,NYK,Kai Jones,Texas,3,107,1081,377,259,44,.671,.231,.682,10.1,3.5,2.4,0.4,2021
20.0,20.0,ATL,Jalen Johnson,Duke,5,201,4911,2388,1316,589,.510,.330,.729,24.4,11.9,6.5,2.9,2021
21.0,21.0,NYK,Keon Johnson,Tennessee,4,161,3098,1326,429,313,.379,.324,.765,19.2,8.2,2.7,1.9,2021
22.0,22.0,LAL,Isaiah Jackson,Kentucky,5,181,2784,1313,800,135,.593,.206,.684,15.4,7.3,4.4,0.7,2021
23.0,23.0,HOU,Usman Garuba,,3,105,1228,276,397,82,.467,.363,.625,11.7,2.6,3.8,0.8,2021
24.0,24.0,HOU,Josh Christopher,Arizona State,3,152,2189,987,266,231,.451,.273,.737,14.4,6.5,1.8,1.5,2021
25.0,25.0,LAC,Quentin Grimes,Houston,5,260,6484,2801,806,557,.444,.376,.777,24.9,10.8,3.1,2.1,2021
26.0,26.0,DEN,Bones Hyland,VCU,5,199,3292,1813,418,506,.401,.363,.846,16.5,9.1,2.1,2.5,2021
27.0,27.0,BRK,Cam Thomas,LSU,5,223,5206,3426,564,463,.438,.346,.861,23.3,15.4,2.5,2.1,2021
28.0,28.0,PHI,Jaden Springer,Tennessee,4,110,967,316,152,85,.409,.238,.773,8.8,2.9,1.4,0.8,2021
29.0,29.0,PHO,Day'Ron Sharpe,UNC,5,207,3030,1344,1167,258,.555,.286,.645,14.6,6.5,5.6,1.2,2021
30.0,30.0,UTA,Santi Aldama,Loyola (MD),5,254,5824,2555,1352,498,.460,.343,.687,22.9,10.1,5.3,2.0,2021
1.0,1.0,ORL,Paolo Banchero,Duke,4,210,7204,4692,1500,968,.446,.317,.733,34.3,22.3,7.1,4.6,2022
2.0,2.0,OKC,Chet Holmgren,Gonzaga,3,129,3731,2104,1024,290,.523,.369,.788,28.9,16.3,7.9,2.2,2022
3.0,3.0,HOU,Jabari Smith Jr.,Auburn,4,227,7090,2978,1685,309,.433,.344,.804,31.2,13.1,7.4,1.4,2022
4.0,4.0,SAC,Keegan Murray,Iowa,4,237,7732,3165,1328,343,.451,.371,.815,32.6,13.4,5.6,1.4,2022
5.0,5.0,DET,Jaden Ivey,Purdue,4,184,5461,2946,684,805,.429,.351,.746,29.7,16.0,3.7,4.4,2022
6.0,6.0,IND,Bennedict Mathurin,Arizona,4,216,6141,3475,978,386,.446,.345,.827,28.4,16.1,4.5,1.8,2022
7.0,7.0,POR,Shaedon Sharpe,Kentucky,4,199,5511,2961,795,417,.448,.323,.782,27.7,14.9,4.0,2.1,2022
8.0,8.0,NOP,Dyson Daniels,,4,215,5597,1843,994,740,.474,.320,.616,26.0,8.6,4.6,3.4,2022
9.0,9.0,SAS,Jeremy Sochan,Baylor,4,195,5197,2163,1161,538,.469,.292,.726,26.7,11.1,6.0,2.8,2022
10.0,10.0,WAS,Johnny Davis,Wisconsin,3,112,1278,395,175,71,.397,.273,.561,11.4,3.5,1.6,0.6,2022
11.0,11.0,NYK,Ousmane Dieng,,4,123,1493,510,261,125,.419,.292,.746,12.1,4.1,2.1,1.0,2022
12.0,12.0,OKC,Jalen Williams,Santa Clara,3,215,6736,3901,988,924,.513,.382,.803,31.3,18.1,4.6,4.3,2022
13.0,13.0,CHO,Jalen Duren,Memphis,4,222,5945,2687,2300,463,.653,.000,.702,26.8,12.1,10.4,2.1,2022
14.0,14.0,CLE,Ochai Agbaji,Kansas,4,214,4760,1627,601,256,.448,.346,.732,22.2,7.6,2.8,1.2,2022
15.0,15.0,CHO,Mark Williams,Duke,4,122,2917,1506,1077,167,.626,.000,.755,23.9,12.3,8.8,1.4,2022
16.0,16.0,ATL,AJ Griffin,Duke,2,92,1572,687,171,78,.447,.372,.898,17.1,7.5,1.9,0.8,2022
17.0,17.0,HOU,Tari Eason,LSU,4,172,3922,1787,1068,216,.468,.364,.740,22.8,10.4,6.2,1.3,2022
18.0,18.0,CHI,Dalen Terry,Arizona,4,180,1972,614,287,215,.445,.297,.650,11.0,3.4,1.6,1.2,2022
19.0,19.0,MIN,Jake LaRavia,Wake Forest,4,153,3027,1110,519,274,.437,.368,.739,19.8,7.3,3.4,1.8,2022
20.0,20.0,SAS,Malaki Branham,Ohio State,4,195,3619,1626,389,326,.439,.334,.843,18.6,8.3,2.0,1.7,2022
21.0,21.0,DEN,Christian Braun,Kansas,4,248,5836,2303,945,429,.526,.375,.755,23.5,9.3,3.8,1.7,2022
22.0,22.0,MEM,Walker Kessler,Auburn,4,201,5090,1910,1862,241,.681,.266,.545,25.3,9.5,9.3,1.2,2022
23.0,23.0,PHI,David Roddy,Colorado State,3,168,2845,1044,488,174,.421,.302,.679,16.9,6.2,2.9,1.0,2022
24.0,24.0,MIL,MarJon Beauchamp,,3,135,1465,556,258,77,.430,.354,.718,10.9,4.1,1.9,0.6,2022
25.0,25.0,SAS,Blake Wesley,Notre Dame,4,162,2326,705,250,397,.409,.291,.632,14.4,4.4,1.5,2.5,2022
26.0,26.0,DAL,Wendell Moore Jr.,Duke,4,93,770,216,129,69,.461,.246,.815,8.3,2.3,1.4,0.7,2022
27.0,27.0,MIA,Nikola Jović,,4,121,2555,1051,464,274,.444,.362,.793,21.1,8.7,3.8,2.3,2022
28.0,28.0,GSW,Patrick Baldwin Jr.,UW-Milwaukee,3,93,826,343,188,43,.405,.373,.658,8.9,3.7,2.0,0.5,2022
29.0,29.0,MEM,TyTy Washington Jr.,Kentucky,3,58,607,194,63,68,.347,.234,.542,10.5,3.3,1.1,1.2,2022
30.0,30.0,OKC,Peyton Watson,UCLA,4,188,3765,1324,609,218,.476,.337,.679,20.0,7.0,3.2,1.2,2022
1.0,1.0,SAS,Victor Wembanyama,,3,129,4049,2952,1416,490,.473,.339,.816,31.4,22.9,11.0,3.8,2023
2.0,2.0,CHO,Brandon Miller,Alabama,3,105,3400,1915,451,287,.428,.363,.836,32.4,18.2,4.3,2.7,2023
3.0,3.0,POR,Scoot Henderson,,2,128,3524,1705,392,671,.401,.340,.793,27.5,13.3,3.1,5.2,2023
4.0,4.0,HOU,Amen Thompson,,3,147,4198,1841,1083,509,.537,.222,.700,28.6,12.5,7.4,3.5,2023
5.0,5.0,DET,Ausar Thompson,,3,136,3310,1322,786,295,.508,.209,.607,24.3,9.7,5.8,2.2,2023
6.0,6.0,ORL,Anthony Black,Arkansas,3,166,3567,1296,424,383,.444,.344,.714,21.5,7.8,2.6,2.3,2023
7.0,7.0,IND,Bilal Coulibaly,,3,131,3900,1345,584,339,.424,.308,.736,29.8,10.3,4.5,2.6,2023
8.0,8.0,WAS,Jarace Walker,Houston,3,126,2030,770,388,196,.425,.384,.736,16.1,6.1,3.1,1.6,2023
9.0,9.0,UTA,Taylor Hendricks,Central Florida,3,54,1088,350,241,40,.424,.355,.767,20.1,6.5,4.5,0.7,2023
10.0,10.0,DAL,Cason Wallace,Kentucky,3,168,4085,1285,467,337,.476,.385,.812,24.3,7.6,2.8,2.0,2023
11.0,11.0,ORL,Jett Howard,Michigan,3,92,922,380,93,61,.386,.310,.719,10.0,4.1,1.0,0.7,2023
12.0,12.0,OKC,Dereck Lively II,Duke,3,98,2242,827,685,158,.725,.000,.579,22.9,8.4,7.0,1.6,2023
13.0,13.0,TOR,Gradey Dick,Kansas,3,133,3160,1417,362,180,.415,.352,.858,23.8,10.7,2.7,1.4,2023
14.0,14.0,NOP,Jordan Hawkins,UConn,3,140,2739,1215,337,153,.373,.344,.822,19.6,8.7,2.4,1.1,2023
15.0,15.0,ATL,Kobe Bufkin,Michigan,2,27,320,134,54,44,.374,.220,.654,11.9,5.0,2.0,1.6,2023
16.0,16.0,UTA,Keyonte George,Baylor,3,159,4721,2496,533,831,.398,.337,.845,29.7,15.7,3.4,5.2,2023
17.0,17.0,LAL,Jalen Hood-Schifino,Indiana,2,36,424,140,40,45,.329,.262,.732,11.8,3.9,1.1,1.3,2023
18.0,18.0,MIA,Jaime Jaquez Jr.,UCLA,3,160,4046,1766,695,462,.487,.309,.783,25.3,11.0,4.3,2.9,2023
19.0,19.0,GSW,Brandin Podziemski,Santa Clara,3,158,4247,1673,843,550,.448,.380,.711,26.9,10.6,5.3,3.5,2023
20.0,20.0,HOU,Cam Whitmore,Villanova,3,115,1992,1216,376,94,.454,.357,.716,17.3,10.6,3.3,0.8,2023
21.0,21.0,BRK,Noah Clowney,Alabama,3,86,1874,761,322,85,.395,.335,.798,21.8,8.8,3.7,1.0,2023
22.0,22.0,BRK,Dariq Whitehead,Duke,2,22,270,117,33,15,.396,.429,.571,12.3,5.3,1.5,0.7,2023
23.0,23.0,POR,Kris Murray,Iowa,3,149,2821,763,475,168,.410,.252,.574,18.9,5.1,3.2,1.1,2023
24.0,24.0,SAC,Olivier-Maxence Prosper,Marquette,3,103,1031,371,231,68,.401,.248,.698,10.0,3.6,2.2,0.7,2023
25.0,25.0,MEM,Marcus Sasser,Houston,2,128,2162,961,194,369,.441,.378,.863,16.9,7.5,1.5,2.9,2023
26.0,26.0,IND,Ben Sheppard,Belmont,3,138,2505,698,344,171,.390,.309,.871,18.2,5.1,2.5,1.2,2023
27.0,27.0,CHO,Nick Smith Jr.,Arkansas,3,117,2188,935,206,217,.393,.372,.906,18.7,8.0,1.8,1.9,2023
28.0,28.0,UTA,Brice Sensabaugh,Ohio State,3,119,2258,1153,352,183,.438,.385,.901,19.0,9.7,3.0,1.5,2023
29.0,29.0,IND,Julian Strawther,Gonzaga,3,124,2000,848,217,134,.411,.324,.784,16.1,6.8,1.8,1.1,2023
30.0,30.0,LAC,Kobe Brown,Missouri,3,95,774,199,145,60,.436,.281,.769,8.1,2.1,1.5,0.6,2023
1.0,1.0,ATL,Zaccharie Risacher,,2,91,2234,1129,312,118,.456,.346,.698,24.5,12.4,3.4,1.3,2024
2.0,2.0,WAS,Alex Sarr,,2,82,2256,1150,563,212,.421,.314,.673,27.5,14.0,6.9,2.6,2024
3.0,3.0,HOU,Reed Sheppard,Kentucky,2,68,1053,457,122,128,.409,.386,.757,15.5,6.7,1.8,1.9,2024
4.0,4.0,SAS,Stephon Castle,UConn,2,94,2578,1415,373,430,.437,.279,.718,27.4,15.1,4.0,4.6,2024
5.0,5.0,DET,Ron Holland,,2,99,1666,661,282,115,.455,.245,.760,16.8,6.7,2.8,1.2,2024
6.0,6.0,CHO,Tidjane Salaün,,2,67,1327,375,305,79,.332,.286,.710,19.8,5.6,4.6,1.2,2024
7.0,7.0,POR,Donovan Clingan,UConn,2,86,1807,630,717,109,.525,.269,.652,21.0,7.3,8.3,1.3,2024
8.0,8.0,SAS,Rob Dillingham,Kentucky,2,65,691,291,69,130,.421,.330,.607,10.6,4.5,1.1,2.0,2024
9.0,9.0,MEM,Zach Edey,Purdue,2,72,1557,682,601,70,.584,.345,.733,21.6,9.5,8.3,1.0,2024
10.0,10.0,UTA,Cody Williams,Colorado,2,61,1201,255,123,65,.321,.242,.698,19.7,4.2,2.0,1.1,2024
11.0,11.0,CHI,Matas Buzelis,,2,97,1976,923,371,101,.457,.363,.828,20.4,9.5,3.8,1.0,2024
12.0,12.0,OKC,Nikola Topić,,,,,,,,,,,,,,,2024
13.0,13.0,SAC,Devin Carter,Providence,2,44,461,155,88,50,.351,.278,.633,10.5,3.5,2.0,1.1,2024
14.0,14.0,POR,Bub Carrington,Pitt,2,99,2886,918,399,435,.396,.352,.798,29.2,9.3,4.0,4.4,2024
15.0,15.0,MIA,Kel'el Ware,Indiana,2,83,1897,830,680,71,.547,.346,.731,22.9,10.0,8.2,0.9,2024
16.0,16.0,PHI,Jared McCain,Duke,2,31,705,395,64,69,.441,.381,.867,22.7,12.7,2.1,2.2,2024
17.0,17.0,LAL,Dalton Knecht,Tennessee,2,93,1745,805,247,74,.462,.370,.753,18.8,8.7,2.7,0.8,2024
18.0,18.0,ORL,Tristan Da Silva,Colorado,2,93,2082,751,319,139,.429,.356,.851,22.4,8.1,3.4,1.5,2024
19.0,19.0,TOR,Ja'Kobe Walter,Baylor,2,68,1339,529,186,92,.410,.364,.800,19.7,7.8,2.7,1.4,2024
20.0,20.0,CLE,Jaylon Tyson,California,2,61,820,325,161,69,.471,.412,.789,13.4,5.3,2.6,1.1,2024
21.0,21.0,NOP,Yves Missi,Baylor,2,87,2238,751,677,118,.549,.000,.615,25.7,8.6,7.8,1.4,2024
22.0,22.0,PHO,DaRon Holmes,Dayton,1,2,4,3,0,0,1.000,1.000,,2.0,1.5,0.0,0.0,2024
23.0,23.0,MIL,AJ Johnson,,2,37,677,227,64,80,.375,.261,.854,18.3,6.1,1.7,2.2,2024
24.0,24.0,NYK,Kyshawn George,Miami (FL),2,83,2276,838,380,242,.400,.345,.746,27.4,10.1,4.6,2.9,2024
25.0,25.0,NYK,Pacome Dadiet,,2,26,132,34,23,7,.297,.273,.750,5.1,1.3,0.9,0.3,2024
26.0,26.0,WAS,Dillon Jones,Weber State,1,54,552,135,121,58,.383,.254,.607,10.2,2.5,2.2,1.1,2024
27.0,27.0,MIN,Terrence Shannon Jr.,Illinois,2,41,479,183,67,41,.473,.391,.767,11.7,4.5,1.6,1.0,2024
28.0,28.0,DEN,Ryan Dunn,Virginia,2,90,1795,645,344,87,.439,.315,.537,19.9,7.2,3.8,1.0,2024
29.0,29.0,UTA,Isaiah Collier,USC,2,80,2048,696,260,497,.431,.254,.694,25.6,8.7,3.3,6.2,2024
30.0,30.0,BOS,Baylor Scheierman,Creighton,2,45,548,165,94,40,.411,.368,.769,12.2,3.7,2.1,0.9,2024
